"id","a","b"
"abadi","abadi"
"abaik","abad"
"abak","ayah"
"abang","azan"
"abih","habis ludes"
"abjaik","abjad"
"absensi","absensi"
"abu","abu debu"
"abuan","alokasi jatah jatah"
"abuih","rebus"
"acar","acar"
"acaro","acara"
"acek","pacat"
"aciak","acik"
"acok","acap kerap"
"acuah","acuah"
"acuang","acung"
"adab","adab"
"adaik","adat"
"adang-adang","adakalanya kadang-kadang"
"adia","adil"
"adiak","adik"
"adinda","adinda"
"ado","ada"
"adok","arah hadap"
"adolah","adalah"
"adu","adu"
"aduah","aduh"
"aduak","aduk"
"agamo","agama"
"ageh","agas"
"agen","makelar"
"agenda","agenda"
"agoan","tawaran"
"agresif","agresif"
"ahaik","ahad"
"ahli","ahli juru"
"aia","air"
"aib","nista"
"aik","aib"
"aja","ajal ajar"
"ajaib","ajaib"
"ajak","ajak"
"ajan","gemar"
"ajauk","azab"
"ajuak","ajuk"
"aka","akal akar"
"akaik","akad"
"akhlak","moral"
"akia","akhir"
"akiak","akik"
"akianyo","alhasil"
"akibaik","akibat"
"akidah","akidah"
"akiraik","akhirat"
"akrobaik","akrobat"
"akses","ekses"
"aksi","aksi"
"akta","akta"
"akuak","sampar"
"akuraik","akurat"
"ala","halal"
"alah","telah"
"alai","helai lembar"
"alaik","alat"
"alam","alam"
"alamaik","alamat"
"alang","elang halang"
"alangan","halangan"
"alau","halau"
"album","album"
"aleh","alas"
"alek","helat pesta resepsi"
"alia","alir"
"aliah","alih"
"alias","alias"
"alih","alif"
"alu","alu"
"alua","alur"
"aluih","halus lumat"
"alun","alun belum"
"ama","amal memar"
"amak","emak ibu mama"
"amam","lebam"
"aman","aman"
"amatia","amatir"
"amba","hambar"
"ambacang","kuini"
"amban","emban"
"ambek","cegat hambat"
"ambiak","ambil"
"ambo","aku hamba saya"
"ambu-ambu","kakap"
"ambua","cebur hambur"
"ambuak","empuk"
"ambuang","ambung"
"ambuih","embus"
"ambun","embun"
"ameh","emas"
"amia","amil"
"amih","amis"
"amin","amin"
"amo","bakteri hama"
"ampa","hampar"
"ampalam","pauh"
"ampaleh","ampelas empelas"
"ampang","bendung empang"
"ampedu","empedu"
"ampeh","empas hempas"
"ampek","empat"
"ampia","hampir"
"ampia sajo","nyaris"
"ampiang","emping"
"amplop","amplop"
"ampo","hampa"
"ampok","judi"
"ampu","empu"
"ampujari","jempol"
"ampun","ampun"
"amuah","sudi"
"amuak","amuk"
"anai-anai","rayap"
"anak","anak"
"anam","enam"
"anau","aren"
"ancua","hancur lebur"
"andak","hendak ingin"
"andaleh","andalas"
"andia","dungu"
"andok","endap sembunyi"
"anduak","anduk handuk"
"anduang","nenek"
"ang","kau"
"angah","engah"
"angan-angan","imaginasi"
"angek","hangat"
"angek garang","angkara murka"
"angek-angek","hangat-hangat"
"anggan","enggan ogah"
"anggap","anggap"
"anggar","dermaga"
"anggota","anggota"
"angguak","angguk"
"anggun","anggun"
"angik","angit"
"angin","angin"
"angkaro","angkara"
"angkaso","angkasa"
"angkek","angkat"
"angker","angker"
"angko","angka"
"angkuah","angkuh"
"angkuik","angkut"
"anguih","hangus"
"aniang","adem hening"
"aniayo","aniaya"
"anjak","anjak"
"anjiang","anjing"
"anjua","anjur"
"anjuang","anjung"
"anok","bungkam"
"anso","angsa"
"ansua","angsur cicil geser"
"ansuran","angsuran"
"anta","hantar"
"antah","entah"
"antak","entak"
"antam","hantam"
"antaro","selang"
"anti","anti henti"
"antimun","mentimun"
"antuak","antuk"
"anuik","anut"
"anyia","anyir"
"anyo","cuma hanya"
"anyuik","hanyut"
"apa","apar hafal"
"apak","bapak"
"aparaik","aparat"
"apiak","apak"
"apik","apit"
"apo","apa"
"apobilo","apabila"
"apokoh","apakah"
"apolai","apalagi"
"apuang","apung"
"apuih","hapus"
"arago","harga"
"arah","jurus"
"arak","arak"
"arak-arak","rak"
"aram","eram"
"arang","rahang"
"arapan","harapan"
"arati","arti definisi"
"arato","harta"
"arawah","arwah"
"arek","erat"
"ari","hari"
"ariak","bentak hardik"
"arih","arif"
"arik","arit"
"arimau","harimau macan"
"aro","ara"
"arok","damba harap"
"arok-arok","harap-harap"
"aromaik","hormat"
"aruah","roh"
"aruih","arus"
"asa","asal asar"
"asam","asam"
"asiang","asing"
"asin","asin"
"asli","asli"
"aso","asa esa"
"asok","asap"
"asrama","asrama"
"asuah","asuh"
"asuang","asung"
"asuik","hasut"
"atah","antah"
"atau","atau"
"ateh","atas"
"ati","hati kalbu"
"atlas","atlas"
"atok","atap"
"atom","atom"
"atua","atur"
"aua","aur"
"auih","aus dahaga haus"
"awa","awal permulaan"
"awam","awam"
"awas","awas"
"awet","awet"
"ayak","ayak"
"ayam","ayam"
"azab","siksa"
"baa","bagaimana betapa"
"baadiak","beradik"
"baama","beramal"
"baamo","berhama"
"baampaleh","diampelas"
"baampok","berjudi"
"baanjuang","beranjung"
"baansua","berangsur"
"baarago","berharga"
"baasok","berasap"
"babadak","berbedak"
"babahayo","berbahaya"
"babakaik","berbakat"
"babaleh","berbalas"
"baban","beban"
"babanah","berbenah"
"babarapo","beberapa"
"babarih","antre"
"babaua","berbaur"
"babini banyak","poligami"
"babintia","berbintil"
"babisiak","berbisik"
"babiyak","basah"
"babondoang","berbondong"
"babu","babu"
"babudi","berbudi"
"babuek","berbuat"
"babuiah","berbuih"
"babulu","berbulu"
"bacaan","lafal"
"bacahayo","berbinar bercahaya bersinar gemilang"
"bacak-bacak","bercak-bercak"
"bacakak","berkelahi"
"bacampua","bercampur bercampur"
"bacarah","eceran"
"bacarai","bercerai"
"bacaramah","berceramah"
"bacarito","bercerita"
"baco","baca"
"bada","badar"
"badabah","biawak"
"badabua","berdebur"
"badah","bedah"
"badai","badai"
"badai tunja","prahara"
"badak","badak bedak"
"badakaikan","berdekatan"
"badakekan","berdampingan"
"badan","badan"
"badangiang","berdesing"
"badanguang","berdengung"
"badantam","berdentam"
"badanyuik","berdenyut"
"badarah","berdarah"
"badarai","berderai"
"badarak","berderak"
"badarap","berderap"
"badariang","berdering"
"badasi","berdasi"
"badatak","berdetak"
"badatiak","berdetik"
"badaulaik","berdaulat"
"badayo","berdaya"
"badayuang","berkayuh"
"badebaik","berdebat"
"badia","bedil"
"badia-badia","mercon"
"badindiang","berdinding"
"badirik","berbanjar berjajar"
"badoso","berdosa"
"badukocito","belasungkawa"
"badunsanak","bekeluarga"
"badut","badut"
"bagabuang","bergabung"
"bagadiang","bergading"
"bagaduntun","beruntun"
"bagageh","bergegas"
"bagai","bagai"
"bagajolak","bergejolak"
"bagak","galak"
"bagala","bergelar"
"bagalimpangan","bergelimpangan"
"bagaloang","menggelinding"
"bagalombang","bergelombang"
"bagalora","bergelora"
"bagaluang","bergelung"
"bagaluik","bergelut"
"bagambar","bergambar"
"bagandak","bermain asmara berpacaran"
"bagandang","bergendang"
"bagandiang","bergandeng"
"baganti","berganti"
"bagantung","bergantung"
"baganyi","minggat ngambeg"
"bagarah","bercanda bergurau"
"bagaua","bergaul"
"bagauang","bergaung"
"bagayuik","bergayut"
"bagenjek","berjinjit"
"bagi","bagi"
"bagilia","bergilir"
"bagindo","baginda"
"bagobah","berkubah"
"baguak","melinjo"
"bagulaik","bergulat"
"baguliang","berguling"
"baguluang","bergulung"
"bagumpa","bergumpal"
"baguncang","berguncang"
"bagunjiang","bergunjing"
"baguno","berguna"
"bagurambeh","bercambang"
"baguranbeh","berjambang"
"baguriah","bergaris"
"baguru","berguru"
"bahadaih","berhadas"
"bahadiah","berhadiah"
"bahaluan","berhaluan"
"bahan","bahan materi"
"bahao","beriklim"
"bahasa","bahaso"
"bahaso","bahwa"
"bahayo","bahaya"
"bahikayaik","berhikayat"
"bahu","bahu"
"bahubungan","berhubungan"
"baia","bayar"
"baiak","baik"
"baibadaik","beribadat"
"baikara","berikrar bernazar"
"bailimu","berilmu"
"baimbang","berbanding"
"baimpik","berimpit"
"bainduak","beribu"
"baingsuik","beringsut"
"bairiang","berarak beriring"
"baitu","begitu demikian"
"baja","baja"
"bajabaik","berjabat"
"bajago","berjaga"
"bajambua","berjabul"
"bajamua","berjemur"
"bajangguik","berjanggut"
"bajarak","berjarak"
"bajaso","berjasa"
"baji","baji"
"bajiang","bajing"
"bajihaik","berjihat"
"bajikia","berzkir"
"bajingkek","berjingkat"
"bajirawek","berjerawat"
"baju","baju"
"bajubah","berjubah"
"bajuntai","berjuntai"
"bak","bak laksana"
"baka","bakar"
"bakabuang","berkabung"
"bakabuik","berkabut"
"bakacak","berkacak"
"bakacambah","berkecambah"
"bakacamuak","berkecamuk"
"bakacimpuang","berkecimpung"
"bakaco","berkaca"
"bakaik","bakat"
"bakain saruang","bersarung"
"bakait","berkait"
"bakakak","berkakak"
"bakalaso","berkelasa"
"bakaliaran","gentayangan"
"bakaluak","berkeluk"
"bakambang","berkembang"
"bakameh","berkemas"
"bakameja","berkemeja"
"bakapanjangan","berkepanjangan"
"bakarak","berkerak"
"bakarek","berkarat"
"bakareta","berkereta"
"bakarih","berkeris"
"bakarubuang","berkerubung"
"bakasam","sentimen"
"bakasua","berkasur"
"bakato","berkata"
"bakauih","berkaus"
"bakawan","berteman"
"bakeh","bekas kepada"
"bakelok","berliku"
"bakemah","berkemah"
"baki","baki"
"bakianaik","berkhianat"
"bakibar","berkibar"
"bakicau","berkicau"
"bakikih","enyah"
"bakilek","gemerlapan mengkilap"
"bakipeh","berkipas"
"bakisa","berkisar"
"bakomploik","berkomplot"
"bakonsi","bersahabat"
"bakso","bakso"
"bakti","bakti"
"baku","beku"
"bakua","bakul"
"bakuah","berkuah"
"bakuang","bakung"
"bakuaso","berkuasa"
"bakubang","berkubang"
"bakucatak","gegap gempita"
"bakumandang","berkumandang"
"bakumpua","berkumpul"
"bakumua","berkumur"
"bakutiak","berkutik"
"bala","bala"
"balabeh","belebas"
"balabiah","berlebih"
"balabuah","berlabuh"
"balago","berlaga"
"balah","belah"
"balainan","berlainan"
"balairuang","aula"
"balakang","belakang"
"balaku","berlaku"
"balakuak","berlakuk"
"balalu","berlalu"
"balanak","belanak"
"balando","belanda"
"balang","belang loreng"
"balangau","berlalat"
"balanggu","belenggu borgol"
"balangko","belangko blangko formulir"
"balango","belanga"
"balangsuang","berlangsung"
"balanjo","belanja"
"balanjuik","beranjut"
"balantaro","belantara"
"balanyah","becek"
"balapih","berlapis"
"balasia","berdesir"
"balaso","berlaksa"
"balati","belati"
"balatiah","berlatih"
"balauak","berlauk"
"baledang","beledang"
"baleh","balas belas"
"balerang","belerang"
"bali","beli"
"balia","balig"
"balia baraka","akil balig"
"baliak","balik pulang"
"baliang","baling"
"baliau","beliau"
"balibih","belibis"
"balidah","berlidah"
"balikek","belikat"
"balimau","keramas"
"balimbiang","belimbing"
"balinang","berlinang"
"balinduang","berlindung"
"balipek","berlipat"
"balirik","berderet berjejer"
"baliung","beliung"
"balkon","balkon"
"balokir","blokir"
"baluak","beluk"
"baluik","balut belut"
"balulang","belulang"
"baluluak","berlumpur"
"balumua","berlumur"
"balumuik","berlumut"
"balutuik","berlutut"
"bamain","bermain"
"bamandia","melamun"
"bamanuang","bermenung"
"bamerek","bermerek"
"bamimpi","bermimpi"
"baminaik","berminat"
"baminyak","berminya"
"bamukasuik","bermaksud"
"bamusuahan","berseteru"
"bamutu","bermutu"
"ban","ban"
"bana","benar nian"
"banam","benam jeblos"
"banamo","bernama"
"bananah","bernanah"
"banang","benang"
"bancah","bencah"
"bancano","bencana malapetaka petaka"
"banci","benci"
"banda","bandar selokan selokan"
"bandahara","bendahara"
"bandera","bendera"
"bandiang","banding padan"
"bandik","bandit"
"bando","benda"
"bandua","bandul"
"banduang","bandung"
"bangih","bengis"
"bangkai","bangkai"
"bangkak","bengkak"
"bangkalai","bengkalai"
"bangkawan","bengkawan"
"bangkik","bangkit kumat"
"bangkikdalang","histeris"
"bangku","bangku"
"bangun","bangun"
"baniago","berniaga"
"baniah","benih"
"baniaik","berhajat berniat"
"baniang","bening"
"bank","bank"
"bansaik","bokek fakir"
"bansi","bangsi"
"banta","bantal bentar"
"bantah","sangkal sangkal"
"bantang","bentang"
"bantiang","banting"
"bantu","bantu"
"bantuak","bentuk"
"banua","benua"
"bao","bawa"
"baoyak","bergoyang"
"bapailah","pamit"
"bapaliang","berpaling"
"bapaluah","berkeringat"
"bapaluik","berpalut"
"bapaneh","berpanas"
"bapangaruah","berpengaruh"
"baparam","berperam"
"bapatualang","mengembara"
"bapayuang","berpayung"
"bapindah","berpindah"
"bapisah","berpisah"
"bapitaruah","menumpangkan"
"bapitih","berduit"
"bapulun","bergumul"
"baputa","berbaling berbelit berputar"
"bara","berapa"
"barabuik","berebut"
"barado","berada"
"baradu","beradu"
"baragam","beragam"
"baraia","berair"
"baraja","belajar"
"barajuik","berajut"
"baraka","berakal"
"barakaik","berkah berokat restu"
"barakik","berakit"
"baramulo","bermula"
"baranang","berenang"
"barandam","berendam"
"barando","beranda emper"
"barang","barang"
"barangkek","berangkat"
"barani","berani perkasa"
"baranti","berhenti"
"barasa","berasal"
"barasiah","bersih"
"bareh","beras"
"barek","berat"
"barendi","brendi"
"barhalo","berhala"
"bari","beri"
"bariak","beriak"
"bariang","baring"
"barih","baris"
"barikuik","berikut"
"barikuiknyo","berikutnya"
"baringin","beringin"
"barisi","berisi"
"barisuak","besok"
"barito","berita"
"barlian","berlian"
"baro","arang bara"
"barobak","gerbong"
"baronjoang","beronjong"
"barontak","berontak"
"baru","baru"
"baruah","bawah"
"baruak","beruk"
"baruik","barut usap"
"barundiang","berunding"
"baruntun","beruntun"
"barupo","berupa"
"basadiah","berduka"
"basadio","bersedia"
"basahajo","bersahaja"
"basaiang","bersaing"
"basajarah","bersejarah"
"basakutu","bersekutu"
"basalingkuah","berselingkuh"
"basalisiah","berselisih"
"basamayam","bersemayam"
"basamba","bersambal"
"basambuang","bersambung"
"basamo","bersama"
"basamuik","bersemut"
"basanam","bersenam"
"basanda","bersandar"
"basandi","bersendi"
"basandiang","bersanding"
"basangkutan","bersangkutan"
"basantap","bersantap"
"basaru","berseru"
"basegeh","berdandan"
"baserak","berserak"
"baserak-serak","berceceran bertebaran"
"basi","besi kadaluarsa"
"basiasek","bersiasat"
"basikap","bersikap"
"basikola","bersekolah"
"basilang","bersilang"
"basilek","bersilat"
"basimbah","bersimbah"
"basimpuah","bersimpuh"
"basin","bersin"
"basinjato","bersenjata"
"basipongang","bergema"
"basisiak","bersisik"
"baso","basa"
"basuah","basuh cuci"
"basuang","basung"
"basuaro","bersuara"
"basubang","bersubang"
"basuik","bersit"
"basujuik","bersujud"
"basuko","bersuka"
"basukur","bersyukur"
"basulam","bersulam"
"basumpah","bersumpah"
"basungguah","bersungguh"
"basunguik","bersungut"
"basuo","bersua"
"bata","batal"
"batabangan","bebar"
"batabiang","bertebing"
"batabuah","bertabuh"
"bataduah","berteduh"
"batakanan","bertekanan"
"batakuak","bertekuk"
"batali","bertali"
"batambah","agak kian"
"batampua","bertempur"
"batamu","bertemu"
"batanam","bertanam"
"batandang","bertandang"
"batandiang","bertanding"
"batanduak","bertanduk"
"batang","batang"
"batang aia","sungai"
"batangka","bertengkar bertengkar"
"batani","bertani"
"batanuang","bertenung"
"batanyo","bertanya"
"batapekan","bertepatan"
"batapuak","bertepuk"
"batariak","berteriak"
"batariang","bertaring"
"bataruang","bertarung"
"bataruih","bertaruh bertaruh"
"batasabiah","bertasbih"
"batauik","bertaut"
"bateba","buyar"
"bateh","ambang batas limit"
"batenggang","bertenggang"
"bateori","berteori"
"baterai","baterai"
"batiah","bertih"
"batiak","batik betik pepaya"
"batih","betis"
"batikai","bertikai"
"batilakuang","bertelekung"
"batin","batin"
"batingkah","bertingkah"
"batingkek","bertingkat"
"batinju","bertinju"
"batino","betina"
"batitiak","bertitik"
"batobaik","bertobat"
"batopeng","bertopeng"
"batu","batu"
"batu mejan","nisan nisan"
"batua","betul"
"batuah","bertuah"
"batuak","batuk"
"batuang","bambu betung"
"batugeh","bertugas"
"batuka","bertukar"
"batulang","bertulang"
"batumbok","bertambal"
"batumbuah","bertumbuh"
"batumpu","bertumpu"
"batumpuak","bertumpuk"
"batuneh","bertunas"
"batungkek","bertongkat"
"baturuik","berturut"
"baua","baur"
"baubah","berubah"
"bauik","baut"
"baujuik","bewujud"
"baulah","berulah"
"baulek","berulat"
"baun","bau"
"bauntuang","beruntung"
"baupayo","berupaya"
"baurai","berurai"
"baurek","barakar"
"bautak tajam","cerdas"
"bawa","bawal"
"bawang","bawang"
"bawarno","berwarnai"
"bayam","bayam"
"bayi","bayi"
"bayo","baya"
"bebas","bebas"
"becak","becak"
"bedeang","bangsal bedeng"
"bedo","beda"
"beker","beker"
"bekoik","boikot"
"bela","bela"
"benca","rewang"
"bencong","banci"
"bendi","andong bendi"
"bengke","bengkel"
"bengkok","bengkok"
"bensin","bensin"
"benteng","benteng"
"beo","bea"
"berang","amarah berang marah murka naik pitam"
"beres","beres"
"beton","beton"
"bia","biar"
"biaro","bira"
"biaso","biasa jelata lazim lumrah"
"bibia","bibir"
"bibik","bibit"
"bicaro","bicara"
"bidan","bidan"
"bidang","bidang"
"bidiak","bidik"
"bidodari","bidadari"
"biduak","biduk perahu"
"bijo","biji"
"bika","bikang"
"bila","muazin"
"bilalang","belalang"
"bilau","belau biru"
"bileh","bilas"
"biliak","bilik"
"bilih","ketip"
"biliyar","biliar"
"bilo","bila kapan"
"biludu","beledru"
"biluka","belukar"
"bimbang","sangsi"
"bimbiang","bimbing"
"binaso","binasa"
"binatang","binatang"
"bindalu","benalu"
"binga","bengal"
"bingik","iri"
"bingkai","bingkai pigura"
"bingkih","bingkis"
"bingkuang","bengkuang"
"binguang","bingung"
"bini","isteri"
"bino","bina"
"bintang","bintang"
"bintangua","bentangur"
"bintia","bintil"
"bintiak","bintik"
"bintua","bintul"
"biri-biri","beri-beri"
"biruang","beruang"
"birunguik","berungut"
"bisa","bisa"
"bisan","besan"
"bisiak","bisik"
"bisnis","bisnis"
"bisu","bisu"
"bisua","bisul"
"bisuak","esok"
"bius","bius"
"bola","bola"
"boleng","botak"
"bom","bom"
"bonceang","bonceng"
"bondoang","bondong"
"boneh","bernas"
"boneka","boneka"
"bongak","egois"
"bongka","bongkar"
"bor","bor"
"boroang","borong"
"bosan","bosan jemu jenuh"
"boto","botol"
"buah baju","kancing"
"buai","ayun"
"buayo","buaya"
"bubua","bubur ubur-ubur"
"bubuang","bubung"
"bubuik","bubut"
"bubun-bubun","ubun-ubun"
"budak","budak"
"budaya","kultur"
"budayo","budaya"
"buek","buat"
"bugih","bugis"
"bugun","dongkol"
"buhua","buhul simpul"
"buhuak","gondok"
"buiah","buih"
"bujang","bujang lajang"
"bujua","bujur"
"bujuak","bujuk"
"bukak","buka"
"bukik","bukit"
"bukti","bukti"
"buku","buku"
"bulak","bolak"
"bulalai","belalai"
"bulalang","belalak delik"
"bulaliak","beliak"
"bulan","bulan"
"bulasuik","damprat"
"bulek","bulat"
"bulek lihia","oblong"
"buliah","boleh"
"bulu","bolu bulu"
"bulu mato","alis"
"buluah","buluh"
"buluih","bulus"
"bumbu","bumbu"
"bumi","bumi"
"buncih","buncis"
"buncik","buncit"
"bunda","bundar"
"bundak karak","mencak-mencak"
"bundo","bunda"
"bungka","bungkal"
"bungkuak","bungkuk"
"bungkuih","bungkus sampul"
"bungo","bunga"
"bunsu","bungsu"
"buntia","buntil"
"buntiang","bunting"
"buntu","buntu"
"bunuah","basmi bunuh"
"bunyi","bunyi"
"buruah","buruh"
"buruak","buruk jelek"
"buruang","burung"
"busa","busa"
"busuak","busuk"
"busuang","busung"
"butia","butir"
"buto","buta"
"buyuang","buyung"
"buyuik","buyut"
"cabiak","cabik robek sobek"
"cabua","cabul porno"
"cabuik","cabut"
"caca","cacar"
"cacah","cercah"
"cacek","cacat cela"
"caciang","cacing"
"cadiak","cadik cerdik intelek"
"cagar","cagar"
"cahayo","binar cahaya sinar"
"caia","cair lumer"
"caik","cat"
"caka","cakar"
"cakak","cekak"
"cakiak","cekik"
"cakuang","cekung"
"cakuik","cakup"
"calak","celak"
"caliak","pandang tatap tengok tengok"
"calo","calo"
"calon","calon"
"cama","doyan"
"camaik","camat"
"cambuang","cembung"
"cambuik","cemeti"
"cameh","cemas gusar"
"camerlang","cemerlang"
"camin","cermin"
"campak","campak"
"campua","campur seduh"
"campuang","cemplung"
"canang","canang"
"cancang","cencang"
"candoiko","begini"
"cangang","cengang"
"cangguang","canggung rakuh"
"cangkeh","cengkih"
"cangkia","cangkir"
"cangkuang","jongkok"
"capek","cepat laju"
"caracau","ceracau"
"caraco","cerca"
"carai","cerai sarak"
"caramah","ceramah"
"cari","cari"
"carito","cerita drama kisah"
"carno","cerna"
"caro","cara metode"
"caroboh","ceroboh"
"carucuih","selonong"
"caruik","carut"
"cas","cas"
"cataik","catat"
"catua","catur"
"catuih","cetus"
"catuik","catut"
"cawan","cawan"
"cecak","cecak"
"cegak","pulih sembuh"
"ceke","bakhil kikir pelit"
"celup","celup"
"cemo","cemar"
"cerek","ketel"
"cetak","cetak"
"cetakan","acuan"
"cibia","cibir"
"cicik","cicit"
"ciek","satu"
"ciinan","kepingin"
"cilako","celaka"
"cilok","curi"
"cimburu","cemburu"
"cimooh","cemeeh"
"cimpago","cempaka"
"cincin","cincin"
"cindua","cendol"
"cinduamato","cendramata"
"cingkahak","bajingan bedebah berandal"
"cingkariak","cengkerik jangkrik"
"cingkunek","pelatuk"
"cino","cina"
"cinto","cinta"
"ciok","ciap"
"cipeh","bijak"
"cipto","cipta"
"cirik","berak tahi"
"ciroboang","cerobong"
"ciroboh","gegabah"
"cito-cito","cita-cita"
"ciut","ciut"
"codang","cuat"
"coga","naik daun"
"coklat","cokelat"
"condoang","cenderung condong"
"condokio","cendikia"
"conto","contoh"
"cor","cor"
"coreang","coreng"
"coret","coret"
"cotok","paruh patuk"
"cuaco","cuaca"
"cubadak","cempedak nangka"
"cubik","cubit"
"cubo","coba"
"cucu","cucu"
"cucua","cucur"
"cucuak","coblos"
"cucuan","cucuran"
"cukai","cukai"
"cukia","cungkil korek"
"cuko","cuka"
"cukua","cukur"
"cukuik","cukup"
"cumaro","cemara"
"cupak","cupak"
"cupiang","cuping"
"curah","curah"
"curam","curam"
"curang","curang"
"curiga","curiga"
"cuti","cuti"
"da","kak"
"daawa","dakwa"
"dabiah","bantai sembelih"
"dabua","debur"
"dadak","sekam"
"dadar","dadar"
"dado","dada"
"dadu","dadu"
"daerah","daerah"
"daftar","daftar"
"dagiang","daging"
"daguak","dagu"
"dahak","dahak"
"dahan","dahan"
"dakaik","dekat"
"dakek","dekat"
"dalam","dalam"
"dalimo","delima"
"dama","colok damar"
"damai","damai"
"damam","demam"
"damang","demang"
"dambin","lamban lembam"
"dampa","dampar"
"dampiang","damping"
"danau","danau"
"dandam","dendam"
"dandang","dandang"
"dando","denda"
"danga","dengar"
"dangan","dengan"
"dangau","dangau"
"dangiang","desing"
"dangka","dangkal"
"dangkih","dengki"
"dangkuang","gebuk"
"danguang","denguang"
"danguih","dengus"
"dansa","dansa"
"dantam","dentam"
"danyuik","debar denyut"
"dapek","dapat mampu sanggup"
"dapua","dapur"
"darah","darah"
"darai","derai"
"darajaik","derajat"
"darak","derak"
"darap","derap"
"dareh","deras"
"darek","darat"
"dari","dari"
"dariang","dering"
"daripado","ketimbang"
"daro","dara"
"daruik","deru"
"darurai","darurat"
"dasar","dasar"
"dasi","dasi"
"dasia","desir"
"data","datar"
"datak","degup detak"
"datang","datang"
"datiak","detik"
"datuak","datuk"
"daulaik","daulat"
"daulu","dahulu dulu"
"daun","daun"
"dayo","daya"
"dayuang","dayung"
"debaik","debat"
"dek","kenapa saking"
"dekulah","gara-gara"
"demi","demi"
"den","ku"
"denah","denah"
"dendang","dendang"
"dendeang","dendeng"
"depo","depa"
"desember","desember"
"deta","destar"
"dewan","dewan"
"dewasa","dewasa"
"di sinan","nun"
"diabuih","direbus"
"diadokan","diadakan dilangsungkan"
"diago","ditawar"
"diak","dik"
"diam","diam"
"diam barisuak","lusa"
"diampehkan","diempaskan"
"diansua","dicicil"
"diantuak","diantuk"
"dianyuikkan","dihanyutkan"
"diapik","diapit"
"diapuih","dahapus"
"diaromaiki","dihormati disegani"
"diasuang","diasung"
"diatua","diatur"
"dibaco","dibaca"
"dibaka","dibakar"
"dibalah","dibelah"
"dibalanggu","dibelenggu"
"dibali","dibeli"
"dibantiang","dibanting"
"dibao","dibawa"
"dibatalkan","ditiadakan"
"dibekoik","diboikot"
"dibimbiang","dibimbing"
"dibonceang","dibonceng"
"dibongka","dibongkar"
"dibuek","dibuat"
"dibuekkan","dibuatkan"
"dibukak","dibuka"
"dibungkuih","dibungkus"
"dibunuah","dibunuh"
"dicabiak","dicabik"
"dicakiak","dicekik"
"dicampua","dicampur"
"dicilok","dicuri"
"dicinto","dicinta"
"dicubik","dicubit"
"dicubo","dicoba"
"dicukua","dicukur"
"didakaiki","didekati"
"didiah","didih"
"didik","didik"
"didukuang","didukung"
"digabuang","digabung"
"digaleda","digeledah"
"digampua","digempur"
"digauik","digaruk"
"digigik","digigit"
"digoreang","digoreng"
"digundua","digundul"
"digunokan","digunakan"
"diguntiang","digunting"
"diguriah","digores"
"digusua","digusur"
"diibur","dihibur"
"diilia","dihilir"
"diimpok","ditimpa"
"diino","dihina"
"diiraukan","dihirauka"
"diirik","digiring"
"dijaik","dijahit"
"dijalehkan","dijelaskan"
"dijapuik","diambil dijemput"
"dijilik","dijilid"
"dijunjuang","dijunjung"
"dikabek","dikebat"
"dikabekkan","ditambatkan"
"dikabuang","dipenggal"
"dikaja","dikejar disusul"
"dikakang","dikekang"
"dikaluakan","dikeluarkan"
"dikamehi","dikemasi"
"dikarajokan","dikrjakan"
"dikasin","dikebiri"
"dikatokan","dikatakan diutarakan"
"dikawa","didampingi"
"dikik","dikit"
"dikinyam","dicicip"
"diktat","diktat"
"diktator","diktator"
"dikuciakan","dikucilkan"
"dikungkuang","dikungkung"
"dikuruang","dikurung"
"dilando","dilanda"
"dilanjuikkan","dilanjutkan"
"dilantiak","dilantik"
"dilatakkan","ditaruh"
"dilatiah","dilatih"
"dilewakan","dicanangkan"
"dilibaikkan","dilibatkan"
"dilipek","dilipat"
"dilipuiki","diliputi"
"dilukih","dilukis"
"dilulua","ditelan"
"dima","dimana dimana"
"dimangarati","dicerna"
"dimuek","dimuat"
"dinaih","dinas"
"dindiang","dinding"
"dingin","dingin"
"dioroangkan","diurungkan"
"diosoang","digotong"
"dipaek","dipahat"
"dipaelok","dipuga"
"dipaleba","diperlebar"
"dipan","dipan"
"dipanciang","dipancing"
"dipanggia","dipanggil"
"dipangkeh","dipangkas"
"diparam","diperam"
"diparantikan","dipecat dipecat"
"dipaso","dipaksa"
"dipiliah","dipilih"
"diplomaik","diplomat"
"dipunguik","dipungut"
"dipupuak","dipupuk"
"diputa","diputar"
"diputuihkan","diputuskan"
"dirabuik","direbut"
"diraiah","diraih"
"dirandam","direndam"
"dirangguik","direnggut"
"dirangkuah","direngkuh"
"dirantangkan","direntangan"
"diranuangkan","direnungkan"
"dirasahkan","diresahkan"
"dirauik","diraut"
"diri","diri"
"diruih","dirus guyur"
"dirunduang","dirundung"
"disabakan","disebarkan"
"disabuik","disebut"
"disabuikkan","disebutkan"
"disadua","disadur"
"disalekkan","disisipkan"
"disaluakan","disalurkan"
"disambuang","disambung"
"disambuik","disambut"
"disangek","disengat"
"disanggua","disanggul"
"disangko","disangka"
"disanjuang","disanjung"
"disarahkan","diserahkan"
"disarang","diserang"
"disasakan","didesak"
"disasali","disesali"
"disatoi","disertai"
"disemba","disambar"
"diseso","disiksa"
"disiaseki","disiasati"
"disikek","disikat"
"disindia","disindir"
"disingguang","disuinggung"
"disingkek","disingkat"
"disingkiakan","disingkirkan"
"disisiki","disisipi"
"disokoang","disokong"
"disomboangkan","disombongkan"
"disuduik","disudut"
"disuduikkan","disudutkan"
"disuguahkan","disuguhkan"
"disuko","disuka"
"disukoi","disukai"
"disuliang","disuling"
"disumbek","disumbat"
"disuok","disuap"
"disuruah","disuruh"
"ditabakan","ditebalkan"
"ditabang","ditebang"
"ditabeh","ditebas"
"ditabua","ditabur"
"ditabuakan","ditaburkan"
"ditabuang","ditabung"
"ditabuih","ditebus"
"ditagah","dicegah ditegah"
"ditagakkan","ditegakkan"
"ditagehkan","ditegaskan"
"ditagiah","ditagih"
"ditagua","ditegur"
"ditaguahkan","diteguhkan"
"ditaguak","diteguk"
"ditajunkan","diceburkan"
"ditakam","diterkam"
"ditakan","ditekan"
"ditakankan","ditekankan"
"ditakuak","ditekuk"
"ditakuiki","ditakuti"
"ditalaah","ditelaah"
"ditaliti","diteliti"
"ditampa","ditampar"
"ditampuah","ditempuh"
"ditampuang","ditampung"
"ditangkih","ditangkis"
"ditapeki","ditepati"
"ditarimo","diterima"
"ditaropoang","diteroong"
"ditauikkan","ditautkan"
"dite","dikte"
"ditebakan","ditebarkan"
"ditenok","dilirik"
"ditimbo","ditimba"
"ditimbuakan","ditimbulkan"
"ditindeh","ditindas"
"ditindiah","ditindih"
"ditirihkan","ditiriskan"
"ditoloang","ditolong"
"dituduah","dituduh"
"ditugehkan","ditugaskan"
"dituka","ditukar"
"ditulak","ditolak"
"ditulakkan","dikuakkan"
"ditulih","ditulis"
"ditumbok","ditambal"
"ditumbuak","ditumbuk"
"ditumpuak","ditumpuk"
"ditundo","ditunda"
"ditunjuak","ditunjuk"
"dituntuik","dituntut"
"ditupang","ditopang"
"ditusuak","ditusuk"
"ditutuakan","dituturkan"
"ditutuik","ditutup"
"diuleh","diulas"
"diuluakan","diulurkan"
"diumbankan","dicampakkan"
"diundua","diundur"
"diungkik","diungkit"
"diuntuangkan","diuntungkan"
"diunyi","dihuni"
"diurah","digerayang"
"diuruih","diurus"
"diuruik","diurut"
"diuruikkan","diurutkan"
"diusia","diusir"
"diusuakan","diusulkan"
"diusuang","diusung"
"diusuik","diusut"
"diutuih","diutus"
"dobi","benatu"
"dobol","dobel ganda"
"dompol","dempul"
"dongeang","dongeng"
"doroang","dorong"
"dosen","dosen"
"doso","dosa"
"dotor","dokter"
"du sanak","famili"
"dubalang","hulubalang"
"duduak","duduk"
"dugo","duga"
"duko","duka"
"duku","duku"
"dukuang","dukung gendong"
"dukun","dukun"
"dulang","dulang"
"dunia","dunia"
"duo","dua"
"duplikaik","duplikat"
"durhako","durhaka"
"duri","duri"
"durian","durian"
"dusun","dusun"
"duta","duta"
"duto","bohong dusta"
"duyuang","duyung"
"eboh","berisik heboh"
"edang","hidang"
"edukatif","edukatif"
"ekonomi","ekonomi"
"elite","elite"
"elo","hela"
"elok","elok"
"elok-elok","hati-hati"
"embe","ember"
"encer","encer"
"endan","senggol"
"engka","ingkar"
"ense","engsel"
"enteang","enteng enteng"
"eran","heran"
"es","es"
"esperes","ekspres"
"etnis","etnis"
"eto","hasta"
"etoang","bilang cacah hitung"
"faktor","faktor"
"fantasi","fantasi"
"final","final"
"firasat","firasat"
"fraksi","fraksi"
"gabuang","gabung"
"gabuih","gabus"
"gadai","gadai"
"gadang","besar"
"gadiang","gading"
"gadih","gadis"
"gado","lempar"
"gado-gado","gado-gado"
"gaduah","gaduh ganggu onar"
"gaduang","gedung"
"gadumpok","bingkah gelintir"
"gaga","geger gelegar"
"gagah","cakap gagah ganteng megah"
"gagak","gagak"
"gageh","gesa"
"gagok","gagap"
"gaik","gaib"
"gajah","gajah"
"gajalo","gejala"
"gaji","gaji"
"gajolak","gejolak"
"gala","gelar"
"galagaik","gelagat"
"galah","galah"
"galak","gelak"
"galang","gelang"
"galanggang","arena gelanggang"
"galatiak","gelatik"
"galau","galau"
"galeda","geledah"
"galeh","gelas"
"galeoang","kibas"
"gali","gali geli"
"galiciak","gelincir"
"galiek","geliat"
"galigato","gelegata"
"galinyai","lendir"
"galisah","gelisah"
"galitiak","gelitik"
"galoang","gelinding"
"galodo","banjir"
"galok","gelap mendung"
"galombang","gelombang"
"galora","gelora"
"galuak","batok"
"galuang","gelung"
"galuik","gelut"
"gambar","gambar"
"gambia","gambir"
"gambira","gembira"
"gambua","gembur"
"gambuang","gembung kembung"
"gambuih","gambus"
"gampa","gempal kekar"
"gampo","gempa"
"gampua","gempur"
"gamulai","gemulai"
"ganang","genang"
"gandang","gendang"
"gandiang","gandeng"
"ganduik","gendut"
"gandum","gandum"
"ganeh","ganas"
"ganggam","genggam"
"ganja","ganjal"
"ganjia","aneh ganjil"
"ganok","genap"
"ganta","gemetar genta gentar"
"gantang","gantang"
"ganti","ganti"
"gantiak","jentik pantik"
"gantuang","gantung"
"gapai","gapai"
"gapuak","gemuk"
"gapura","gapura"
"garadu","gardu"
"garagaji","gergaji"
"garah","canda gurau gurau kelakar lelucon seloroh"
"garak","gerak"
"garam","garam"
"garanaik","garanat"
"garase","garasi"
"garasi","grasi"
"garatak","ancam gertak"
"gareja","gereja"
"garetek","getar"
"garhano","gerhana"
"garih","garis"
"garihgadang","bagan"
"garobak","gerobak"
"garok","garap"
"garombol","gerombol"
"garuak","parau"
"garudo","garuda"
"garundang","berudu gerundang"
"garutu","gerutu omel"
"gasak","gasak"
"gasiang","gasing"
"gata","gatal"
"gatah","getah"
"gaua","gaul"
"gauang","gaung"
"gauik","garuk"
"gaun","gaun"
"gawaik","gawat"
"gawang","gawang"
"gayuang","gayung"
"gayuik","gayut"
"gemai","colek"
"gencet","gencat"
"genjek","jinjit"
"gensi","gengsi"
"geografi","geografi"
"geologi","geologi"
"geraman","geraham"
"gerbang","gerbang"
"giaik","giat giat"
"gigi","gigi"
"gigia","gigil"
"gigiah","gigih"
"gigik","gigit"
"gilia","gilir"
"giliang","giling"
"gilo","gila"
"gincu","gincu"
"ginjal","ginjal"
"girang","girang"
"giriak","gerek"
"gitar","gitar"
"gobah","kubah"
"goci","bejana guci"
"goni","goni"
"gontai","gontai"
"goreang","goreng"
"gosoang","gosong"
"gosok","dobi gosok"
"goyang","goyang"
"guam","guam"
"guang","gong"
"gubalo","gembala"
"gudami","cermat"
"gudang","gudang"
"gugah","gugah"
"gugua","gugur"
"guguah","gedor"
"guguik","gugup"
"gulai","gulai"
"gulaik","gulat"
"guliang","guling"
"gulimang","gelimang"
"gulo","gula"
"gulo-gulo","bon-bon"
"guluang","gulung"
"gumilang","gemilang"
"gumpa","gumpal"
"guncang","guncang"
"gundiak","gundik"
"gundu","gundu"
"gundua","gundul"
"gunjiang","gunjing"
"gunjiangan","gunjingan"
"guno","guna"
"guntiang","gunting"
"guntua","guntur"
"gunuang","gunung"
"guo","gua"
"gurambeh","cambang jambang"
"guriah","gores"
"gurilya","gerilya"
"gurinda","gerinda"
"gurindam","gurindam"
"gurito","gurita"
"guru","guru"
"guruah","guruh"
"gurun","gurun"
"gusi","gusi"
"gusua","gusur"
"gutia","kutil"
"guyah","goyah labil"
"hadaih","hadas"
"hadiah","hadiah"
"hajaik","hajat"
"haji","haji"
"hak","hak"
"hakikaik","hakekat"
"hakim","hakim"
"hal","hal"
"halaman","halaman"
"haluan","haluan"
"hantu","hantu"
"haram","haram"
"haro","hara"
"harum","harum"
"harun","wangi"
"hasil","hasil"
"helah","dalih"
"helem","helm"
"hikayaik","hikayat"
"hobi","hobi"
"hotel","hotel"
"hubuangan","relasi"
"hubungan","akses"
"hukum","hukum"
"huruf","aksara huruf"
"ibadaik","ibadat"
"ibah","hibah"
"ibaraik","ibarat"
"ibo","iba kasihan pilu"
"ibur","hibur"
"iburan","hiburan"
"idam","idam"
"idok","idap"
"iduang","hidung"
"iduik","hayat hidup"
"igau","igau"
"ihram","ihram"
"ijab","ijab"
"ijau","hijau"
"ijazah","ijazah"
"ijin","izin"
"ijo","eja"
"ijuak","ijuk"
"ikan","ikan"
"ikhtisar","ikhtisar"
"ikilas","ikhlas"
"iko","ini"
"ikua","ekor kuntit"
"ikuik","ikut"
"ilak","elak"
"ilang","hilang"
"ilang aka","bengong"
"ilia","hilir leleh"
"ilmu","ilmu"
"imaik","ekonomis hemat irit"
"imam","imam"
"imbau","imbau"
"imbuah","imbuh"
"impik","dempet impit"
"imsak","imsak"
"inai","inai"
"inang","inang"
"inap","inap"
"incik","saudari"
"inda","hindar"
"indak","tak tidak"
"indak acuah","abai"
"indak ado","tiada"
"indak karajo","menganggur"
"indak-indak","bukan-bukan"
"indakjo","tanpa"
"induak","biang"
"induak bareh","nyonya"
"induakangkang","dalang"
"industri","industri"
"ineh","cium"
"informasi","informasi"
"ingek","ingat"
"ingek-ingek","ingat-ingat"
"inggo","hingga sehingga"
"inggok","hinggap"
"ingsuik","ingsut"
"ingua","ingus"
"injah","injak"
"ino","hina"
"inpak","infak"
"insaf","insaf"
"insang","ingsang"
"insinyua","insinyur"
"instansi","instansi"
"instruksi","instruksi"
"intai","intai"
"intan","intan"
"interpiyu","interview"
"inti","inti"
"intik","intip"
"inyiak","eyang"
"inyo","dia ia"
"ipa","ipar"
"irau","hirau"
"iriang","iring"
"irik","giring"
"iruak","hiruk riuh"
"iruik","hirup resap"
"isa","isya"
"isap","hisap"
"isi","isi"
"isok","isap"
"istimewa","istimewa"
"istirahaik","istirahat"
"isu","isu"
"isuak","kelak"
"isyaraik","isyarat"
"itam","hitam"
"itiak","bebek itik"
"itikaik","iktikad"
"iyeh","hias"
"iyokan","anggukan"
"iyolah","ialah"
"iyu","hiu"
"iyuran","iuran kontribusi"
"jaasa","jaksa"
"jabaik","jabat"
"jabua","bawasir"
"jadi","jadi"
"jaek","jahat"
"jagaik","jagat"
"jago","jaga"
"jaguang","jagung"
"jahanam","jahanam"
"jahia","jahil"
"jaik","jahit"
"jajah","jajah"
"jajok","gemas"
"jakaik","zakat"
"jaket","jaket"
"jakun","jakun"
"jala","jalar rambat"
"jalak","jalak"
"jalan","jalan"
"jalang","jelang"
"jaleh","jelas"
"jalito","jelita"
"jalo","jala"
"jalua","jalur"
"jalujua","jelujur"
"jamaah","jamaah"
"jaman","zaman"
"jambektan","jembatan"
"jambu","jambu"
"jambua","jambul"
"jamin","jamin"
"jaminan","garansi"
"jamu","jamu"
"jamua","jemur"
"jan","jangan"
"jan ka","jangankan"
"jan-jan","jangan-jangan"
"janang","jenang"
"jandela","jendela"
"jangak","jangak"
"jangek","jangat"
"jangga","jaggal"
"jangguik","janggut jenggot"
"jangka","jangkar jengkal"
"jangkik","jangkit"
"jangko","jangka"
"jangkuang","jangkung"
"janguak","jenguk"
"janiah","jernih"
"janji","ikrar janji"
"jantan","jantan"
"jantuang","jantung"
"japuik","jemput"
"jarak","jarak"
"jarami","jerami merang"
"jaran","jera kapok"
"jarang","jarang"
"jarek","jerat"
"jari","jari"
"jari-jari","radius"
"jariah","jerih"
"jariang","jengkol"
"jaruju","jeruju"
"jarumuih","jerumus"
"jarun","jarum"
"jas","jas"
"jaso","jasa"
"jatuah","jatuh"
"jatuahtapai","bangkrut"
"jauah","jauh"
"jawek","jawab"
"jawi","lembu"
"jeja","bajak"
"jejok","jijik"
"jelma","jelma"
"jenjang","janjang"
"jihaik","jihad"
"jihin","jin"
"jikia","zikir"
"jikok","jika manakala"
"jilapak","geletak"
"jilatang","jelatang"
"jilbab","jilbab"
"jilek","jilat"
"jilik","jilid"
"jimaik","azimat jimat"
"jinak","jinak"
"jingkek","jingkat"
"jinih","jenis"
"jinjiang","jinjing"
"jirambok","jerembab"
"jirangau","jerangau"
"jirawek","jerawat"
"jiruih","jirus lancip"
"jiwa","jiwa"
"jo","dan"
"jodoa","moril"
"jongkek","jungkat"
"jongoih","jongos"
"jua","jual juga"
"juaro","juara"
"jubin","ubin"
"judeh","judes"
"juih","juz"
"jujuik","jujut"
"jujur","jujur"
"julang","julang"
"juliang","juling"
"julo-julo","arisan"
"julua","julur"
"jumaik","jumat"
"jumalah","jumlah"
"jungkia","jungkir"
"jungkik","jungkit"
"junjuang","junjung"
"juntai","juntai"
"juo","jua"
"juri","juri"
"ka","akan bakal ke"
"kaabiahan","kehabisan"
"kaadaan","kondisi"
"kaba","imun kabar kebal"
"kabanyo","alkisah"
"kabau","kerbau"
"kabaya","kebaya"
"kabek","ikat kebat tambat"
"kabel","kabel"
"kabilaik","kiblat"
"kabinet","kabinet"
"kabua","buram kabul kabur"
"kabuak","penggal"
"kabuang","kabung"
"kabuik","kabut"
"kabulatan","kebualatan"
"kabun","kebun"
"kabupaten","kabupaten"
"kacamatan","kecamatan"
"kacambah","kecambah"
"kacamuak","kecamuk"
"kacang","kacang"
"kacantikan","kecantikan"
"kacapatan","kecepatan"
"kacau","kacau ricuh"
"kacau balau","berantakan"
"kacewa","kecewa"
"kacimpuang","kecimpung"
"kacintoan","idaman"
"kaco","kaca"
"kacuali","kecuali"
"kacuang","kacung"
"kacuik","kecut"
"kada","kadas kudis"
"kadai","kedai pajang"
"kadalaman","intensitas"
"kadele","kedelai"
"kadi","kerdil"
"kadondoang","kedondong"
"kagiatan","kegiatan"
"kagunoan","fungsi"
"kahadiran","kehadiran"
"kaia","kail"
"kaiduikan","kehidupan"
"kaih","kais"
"kaik","gaet kait"
"kailangan","kehilangan"
"kain","kain"
"kainginan","ambisi"
"kaja","kejar"
"kajadian","kecelakaan modus peristiwa"
"kajam","kejam"
"kajamban","kencing pipis"
"kajang","kejang"
"kaji","kaji"
"kajuik","kejut"
"kajujuran","kejujuran"
"kaka","baka kekal"
"kakak","bahak"
"kakaktuo","kakaktua"
"kakang","kekang"
"kaki","kaki"
"kakobeh","watak"
"kaku","kaku"
"kakuih","jamban kakus toilet toilet"
"kaladai","keledai"
"kaladi","keladi"
"kalah","kalah"
"kalakuan","kelakuan"
"kalalawa","kelelawar"
"kalam","kelam"
"kalamai","dodol"
"kalamin","kelamin"
"kalang","galang kalang"
"kalanjuikan","kelanjutan"
"kalaparan","kelaparan"
"kalasi","kelasi"
"kalaso","kelasa"
"kalason","klakson"
"kaleh","kelas"
"kalek","kelat sepet"
"kalender","almanak"
"kaleng","kaleng"
"kalereang","kelereng"
"kali","kali"
"kalimaik","kalimat"
"kalimpasiang","kelabakan"
"kalimpasiangan","kewalahan"
"kalinci","kelinci"
"kalingkiang","kelingking"
"kaliru","keliru"
"kalompok","kelompok"
"kalontoang","kelontong"
"kalopak","kelopak"
"kalua","keluar"
"kaluah","keluh"
"kaluak","keluk"
"kaluang","kalung"
"kaluaran","edisi"
"kaluarga","keluarga"
"kaluik","kalut"
"kalulusan","kelulusan"
"kalupeh","kelu[as"
"kama","kemana"
"kamanakan","kemenakan"
"kamar","kamar"
"kamarau","kemarau"
"kamari","kemari"
"kamba","kembar"
"kambang","kembang mekar"
"kambiang","kambing"
"kambojo","semangka"
"kameh","benah kemas"
"kameja","kemeja"
"kameluik","kemelut"
"kami","kami"
"kamih","kamis"
"kamiri","kemiri"
"kampia","kampil"
"kampih","gembos kempis"
"kampo","kempa"
"kampuang","kampung"
"kampus","kampus"
"kamudahan","fasilitas"
"kamudi","kemudi"
"kamuih","kamus"
"kamuniang","kemuning"
"kamusahuaan","pamor"
"kamusahuan","pamor"
"kana","kenang"
"kanai","ciprat kena"
"kanalpot","knalpot"
"kanan","kanan"
"kancang","kencang"
"kancia","kancil"
"kandak","aspirasi hasrat kehendak"
"kandang","kandang"
"kandeh","kandas"
"kandiak","babi celeng"
"kandih","kandis"
"kandua","kendur lentur"
"kanduang","kandung"
"kanduri","kenduri"
"kangkuang","kangkung"
"kaniang","dahi jidat kening"
"kanji","kanji"
"kantang","kentang"
"kantara","kentara"
"kantua","kantor"
"kantuak","kantuk"
"kantuik","kentut"
"kanyang","kenyang"
"kanyataan","fakta"
"kapa","bahtera kapal"
"kapadusian","feminim"
"kapak","kapak kepak"
"kapalang","kepalang"
"kapalo","kepala"
"kapan","kafan"
"kapandaian","kepandaian"
"kaparaik","keparat"
"kapatang","kemarin"
"kapeh","kapas"
"kapia","kafir"
"kapiang","keping"
"kapik","kepit"
"kapindiang","bangsat kepinding"
"kapital","kapital"
"kapitiang","kepiting"
"kapua","kapur"
"kapuang","kepung"
"kapundan","kepundan"
"kapuyuak","lipas"
"karabaik","kerabat"
"karaben","karabin"
"karah","kerah"
"karajo","karya kerja"
"karak","kerak"
"karakok","kerakap"
"karam","karam"
"karambia","kelapa kerambil"
"karamik","keramik"
"karampang","selangkang selangkang"
"karang","kerang"
"karangko","kerangka"
"karanjang","keranjang"
"karanngo","serangga"
"karano","karena"
"karasuakan","kerasukan"
"karateh","kertas"
"karatehtaba","karton"
"karatu","kartu"
"karburator","karburator"
"karduih","kardus"
"kareh","keras"
"kareh kapalo","badung"
"karek","karat kerat"
"karekel","koral"
"karempeang","kerempeng"
"karengkang","bandel"
"karet","karet"
"kareta","kereta"
"karetapi","sepur"
"kari","qari"
"kariang","kering"
"karibik","karbit"
"karicih","karcis"
"karidik","kredit"
"karih","keris"
"karik","akrab karib"
"karisis","krisis"
"karitiang","ikal"
"karitik","kritik"
"karma","karma"
"karo","kera monyet"
"karoban","mangsa"
"karobol","karbol"
"karoncoang","keroncong"
"karongkoangan","kerongkongan tenggorokan"
"karpet","karpet"
"karuah","dengkur keruh"
"karuak","keruk"
"karuan","keruan"
"karuang","karung"
"karubuang","kerubung"
"karucuik","kerucut"
"karugian","kerugian"
"karumuik","keriput"
"karun","karun"
"karupuak","kerupuk"
"kas","kas"
"kasa","kasar"
"kasadaran","kesadaran"
"kasado","semua"
"kasah","kasa"
"kasahiahan","keabsahan"
"kasang","gersang"
"kasatria","kesatria"
"kasau","kasau"
"kasek","kesat"
"kaset","kaset"
"kasia","kasir"
"kasiah","kasih"
"kasilapan","kesilapan"
"kasimpulan","kesimpulan"
"kasin","kebiri"
"kasti","kasti"
"kasua","kasur tilam"
"kasulitan","kesulitan"
"katagangan","ketegangan"
"katagiaan","kecanduan"
"katakuikan","ketakutan"
"kataledoran","keteledoran"
"katam","ketam"
"katan","ketan"
"katapang","ketapang"
"katapi","minggir"
"katiak","ketiak"
"katiding","ketiding"
"katiduran","ketiduran"
"katik","katib"
"katitiran","ketitiran perkutut"
"kato","kata"
"katua","ketua ketua"
"katuak","ketuk"
"katuang","katung penyu"
"katubah","khotbah"
"katuik","katup"
"katulistiwa","khatulistiwa"
"katumba","ketumbar"
"katupek","ketupat"
"katurunan","generasi keturunan"
"kauih","kaus"
"kaum","kaum"
"kautuhan","integritas"
"kawa","kawal"
"kawah","kawah"
"kawan","kawan rekan"
"kawek","kawat"
"kawin","kawin"
"kayal","angan-angn khayal"
"kayo","kaya"
"kayu","kayu"
"kayuah","genjot kayuh"
"kecek","bincang omong ujar"
"kelok","belok kelok liku"
"kemah","kemah"
"kempuih","penyek ringsek"
"kencoang","mencong"
"ketek","kecil"
"ketupek","kupat"
"kiaik","kiat"
"kiamaik","kiamat"
"kianaik","khianat"
"kicap","kecap"
"kicuah","kecoh"
"kida","kidal kiri"
"kidimaik","khidmat"
"kieh","kias"
"kijang","kijang"
"kijok","kejap"
"kikih","kikis"
"kikuak","kikuk"
"kilabang","kelabang"
"kilaf","khilaf"
"kilang","kilang"
"kileh","kilas"
"kilek","halilintar kilap kilat"
"kilik","kelip"
"kilir","kelir"
"kilo","kilo"
"kina","kina"
"kini","sekarang"
"kinyam","cicip kenyam"
"kipeh","kipas"
"kiper","kiper"
"kiraah","qiraah"
"kiramaik","keramat"
"kirim","kirim"
"kiro","kira"
"kisa","kisar"
"kitab","kitab"
"kito","kita"
"kocok","kocok"
"kodah","jorok"
"kode","kode"
"kodi","kodi"
"koh","kah"
"kok","adapun kalau"
"koki","koki"
"kolak","kolak"
"kolam","kolam"
"koloang","kolong"
"kolom","kolom"
"koma","koma"
"komentar","komentar"
"kompak","kompak"
"kompas","kompas"
"komploik","komplot"
"komponen","komponen"
"kompor","kompor"
"kontan","kontan"
"kontrol","kontrol"
"koperasi","koperasi"
"koran","koran"
"korma","kurma"
"koroang","desa"
"kosoang","kosong lowong"
"kotak","kotak"
"kuah","kuah"
"kuaik","kuat mapan"
"kuali","kuali wajan"
"kualo","kuala"
"kuas","kuas"
"kuaso","kuasa"
"kuatir","khawatir kuatir"
"kubak","kupas"
"kubik","kubik"
"kubu","kubu"
"kubua","kubur"
"kubuih","kubus"
"kucai","kucai"
"kucapi","kecapi"
"kucepak","gemercik"
"kucia","kucil"
"kuciang","kucing"
"kucua","kucur"
"kudaraik","kodrat"
"kudian","kemudian"
"kudo","kuda"
"kudok","kudap"
"kudrat","kuadrat"
"kuduak","kuduk tengkuk tengkuk"
"kuduang","kudung"
"kue","kue"
"kukua","kukur"
"kukuak","kokok"
"kukuih","kukus"
"kulabu","abu-abu kelabu"
"kulambu","kelambu"
"kulepak","kelepak"
"kuli","kuli"
"kuliah","kuliah"
"kulik","kulit"
"kuliliang","keliling"
"kulindan","kelindan"
"kulipik","pelipit"
"kuma","kumal"
"kuman","kuman"
"kumandan","komandan"
"kumando","komando"
"kumayan","kemenyan"
"kumbah","birah"
"kumbali","kembali"
"kumbang","kumbang"
"kumidi","komedi"
"kuminih","komunis"
"kumio","pemeo"
"kumisi","komisi"
"kumpua","kumpul"
"kumua","kumur"
"kumuah","kotor"
"kunana","giur"
"kunci","kunci"
"kuncuik","kuncup"
"kungkuang","kungkung"
"kuniang","kuning"
"kunik","kunyit"
"kunjuang","kunjung"
"kuno","kuno"
"kunun","konon"
"kunyah","kunyah"
"kuok","kuap"
"kupiah","kopiah peci"
"kupon","kupon"
"kupur","kufur"
"kuraan","quran"
"kurah","kuras"
"kurang","kurang minim"
"kurapai","cecunguk"
"kurawal","kurawal"
"kurban","kurban qurban"
"kurenah","gaya"
"kurikulum","kurikulum"
"kurir","kurir"
"kurisi","kursi"
"kuro-kuro","gembok"
"kurok","kurap"
"kuruang","kurung sekap"
"kuruih","kurus"
"kurusuih","kursus"
"kusam","kusam"
"kusau","kusau"
"kusia","kusir sais sais"
"kusta","kusta"
"kusuak","khusuk"
"kusuih","khas"
"kusuik","kusut runyam ruwet"
"kutang","kutang"
"kutik","kutip"
"kutiko","ketika"
"kutingak","gulita"
"kutu","kutu"
"kutuak","kutuk"
"kutub","kutub"
"kuyak","koyak"
"kuyu","kuyu sayu"
"kuyuik","kuyup"
"labah","lebah"
"labai","lebai"
"labek","lebat"
"label","label"
"labi","kura-kura"
"labiah","lebih"
"labo","laba"
"labu","labu"
"labuah","labuh lebuh lorong"
"laci","laci"
"lacuik","dera lecut"
"ladang","ladang"
"ladiang","golok lading parang"
"ladiangketek","badik"
"lado","cabai lada"
"lagak","dandan lagak"
"lagenda","legenda"
"lago","laga"
"lagu","lagu"
"lah","sudah"
"lahaik","lahad"
"lahia","lahir"
"lai","lagi"
"laia","layar"
"laik","abdi"
"laikoh","adakah"
"lain","lain"
"lajur","lajur"
"lakang","lekang"
"lakeh","dini lekas segera"
"lakek","lekat"
"laki","laki"
"laknaik","laknat"
"lakok","lekap"
"laku","laku laris"
"lakuak","lakuk"
"lakuang","lekung"
"lalai","alpa lalai lena"
"lalim","lalim zalim"
"lalok","lelap"
"lalu","lalu"
"laluaso","leluasa"
"laluhua","leluhur"
"lamah","daif lemah"
"lamak","afdal enak kolesterol lemak lezat nyenyak sedap"
"lamang","lemang"
"lamari","almari lemari"
"lambah","lembah"
"lambai","lambai"
"lambang","lambang lembang"
"lambek","lambat perlahan"
"lambiak","lembik"
"lambiang","lembing"
"lambok","lembab"
"lambuang","lambung"
"lambuang lambuang","balon"
"lameh","lemas"
"lamo","lama"
"lampau","lampau silam"
"lampieh","lampias"
"lampin","popok"
"lampu","lampu"
"lampuang","lampung"
"lanca","lancar mulus"
"lancang","lancang"
"landai","landai"
"landak","landak"
"lando","landa"
"langan","lengan"
"langang","lengang senyap sepi"
"langau","lalat"
"langga","langgar"
"langganan","langganan"
"langiah","sengau"
"langik","langit"
"langkah","langkah"
"langkiang","lengking"
"langkok","lengkap"
"langkuang","lengkung"
"langkueh","lengkuas"
"langsiang","langsing"
"langsuang","langsung"
"lanjuk","lanjut"
"lansai","langsai lunas"
"lansek","langsat"
"lanta","lantar"
"lantai","lantai"
"lantak","lantak tabrak"
"lantang","lantang"
"lanteh","lantas"
"lantiak","lantik lentik"
"lantun","pantul"
"lanyok","lenyap"
"lap","lap"
"lapa","lapar"
"lapang","lega senggang"
"lapau","lepau warung"
"lapeh","lepas lolos"
"lapek","lepat"
"lapiah","jalin"
"lapiak","lapik tikar"
"lapih","lapis"
"lapor","lapor"
"lapuah","lepuh"
"lapuak","lapuk"
"lara","lara"
"larai","lerai"
"lareh","laras"
"larek","larat"
"lari","lari"
"laruik","larut"
"las","las"
"lasa","makroni"
"lasak","lasak"
"lasau","derau"
"lasim","normal"
"laso","laksa"
"lasuang","lesung"
"latah","latah"
"latak","letak posisi"
"latar","latar"
"latiah","latih lelah letih"
"latuih","ledak letus"
"lauak","lauk"
"lauik","laut"
"laun","laun"
"lawah","laba-laba"
"laweh","luas"
"layah","ceper"
"layang","layang"
"layok","layap"
"layua","layu"
"leba","lebar"
"leceh","leceh"
"lem","lem"
"lengah","lengah"
"lenggang","lenggang"
"lenggok","lenggok"
"lengkek","lengket"
"lenyai","lesu"
"lepoang","poles"
"lereang","lereng"
"les","les"
"lesek","nakal"
"letai","lunglai"
"lia","jalang liar"
"liang","liang"
"libaik","libat"
"licin","licin"
"lidah","lidah"
"lidih","lidi"
"liek","liat lihat"
"ligaik","gesit pandai"
"lihia","leher"
"lilah","lugu"
"lilik","lilit"
"lilin","lilin"
"limau","jeruk limau"
"limbago","lembaga"
"limbah","limbah"
"limbak","luber"
"limbayuang","lembayung"
"limbek","lele"
"limbubu","limbubu"
"limeh","limas"
"limo","lima"
"limpah","limpah"
"limpo","limpa"
"limumu","ketombe"
"limun","limun"
"linang","linang"
"lincah","lincah"
"lindang","musnah"
"lindeh","lindas"
"lindok","redup"
"linduang","lindung naung"
"linggih","linggis"
"lingka","lingkar"
"lingkuik","lingkup"
"lintah","lintah"
"lintang","lintang"
"linte","lintas"
"lipek","lipat"
"lipuik","liput"
"lirik","deret jejer"
"lisan","lisan"
"listrik","listrik"
"litak","capek"
"liter","liter"
"liua","liur"
"liuak","liuk"
"liui","liur"
"liwaik","lewat"
"loak","loak"
"lobak","lobak"
"lobo","serakah tamak"
"logaik","logat"
"logam","logam"
"logartma","logaritma"
"logika","logika"
"logis","logis"
"logo","logo"
"lokal","lokal"
"lokan","lokan"
"loket","loket"
"lompek","lompat"
"lompoang","lompong"
"lonceang","bel lonceng"
"loncek","katak kodok loncat"
"lonjak","lonjak"
"lonjoang","lonjong"
"lonsor","longsor"
"lontoang","lontong"
"lori","lori"
"los","los"
"loteang","loteng"
"lotere","lotre"
"loyang","loyang"
"loyo","loyo"
"lua","luar"
"lubang","lubang rongga"
"lubuak","lubuk"
"lucu","jenaka kocak lucu"
"lucuik","lucut"
"ludah","ludah"
"luhua","lohor"
"lukih","lukis"
"luko","cedera luka"
"lulua","lulur telan telan"
"luluah","luluh"
"luluak","lumpur"
"luluakangek","lahar"
"luluang","lolong"
"luluih","lulus"
"lumaih","lumas"
"lumayan","lumayan"
"lumbo-lumbo","lumba-lumba"
"lumbuang","lumbung"
"lumpang","lumpang"
"lumpiang","lumping"
"lumpuah","lumpuh"
"lumua","lumur"
"lumuik","lumut"
"lunak","lunak"
"luncua","luncur"
"lungga","lapang longgar"
"lungguak","longgok"
"lunto","lunta"
"luntua","luntur"
"luok","luap"
"lupo","lupa"
"lupuik","luput"
"lurah","jurang lurah"
"luruih","lurus"
"lusin","losin"
"lusuah","lusuh"
"lutak","lahap"
"lutuik","dengkul lutut"
"maabuih","merebus"
"maacuangkan","mengacungkan"
"maaduak","mengaduk"
"maago","menawar"
"maaja","mendidik"
"maajuak","mengajuk"
"maalau","menghalau"
"maalia","mengalir"
"maalum","maklum"
"maamban","mengemban"
"maambek","menghambat"
"maambua","mencebur menghambur"
"maambuang","mengambung"
"maambuih","mengembus meniup"
"maampeh","menghempas"
"maamun","makmum"
"maana","makna"
"maancam","mengamcam"
"maandok","menyembunyikan"
"maangguak","manggut mengangguk"
"maaniayo","menganiaya"
"maanjuakan","menganjurkan"
"maanta","menghantar"
"maantakkan","mengentakkan"
"maantam","menghantam"
"maanyuak","merajuk"
"maap","maaf"
"maapik","mengapit"
"maapuang","mengapung"
"maapuih","menghapus"
"maariak","menghardik"
"maarokksn","mengharapkan"
"maaromaiki","menghormati"
"maaruf","makruf"
"maasahkan","meresahkan"
"maasuik","menghasut"
"maatua","mengatur"
"maawak","ngawur"
"mabuak","mabuk"
"macaliak","mematut"
"macam","macam"
"macet","macet"
"macu","mercu"
"mada","madar"
"madaik","candu madat"
"madrasah","madrasah"
"madu","madu"
"maelo","menghela"
"maetoang","menghitung"
"magang","magang"
"magaruak","mengeruk"
"maggosok","menggosok"
"magnit","magnet"
"maha","maha mahal"
"mahar","mahar"
"mahia","mahir"
"mahino","mencerca"
"mahkamah","mahkamah"
"mai","mei"
"maibur","menghibur"
"maidam","mengidam"
"maidok","mengidap"
"maiduiki","menghidupi"
"maijinkan","mengizinkan"
"maik","mayat"
"mailak","mengelak"
"mainda","menghindar"
"maineh","mencium"
"mainjah","menginjak"
"maino","menghina"
"maintai","mengintai"
"maintik","mengintip"
"mairaukan","menhiraukan"
"mairuik","menghirup"
"maisok","menghisap"
"maiyeh","menghias"
"majolelo","maharajalela"
"maju","pesat"
"makam","makam"
"makan","makan"
"maki","maki"
"maklumaik","maklumat"
"makmur","makmur"
"malabiahi","mengungguli"
"malacuik","mencambuk"
"malah","bahkan"
"malahiakan","melahirkan"
"malaikaik","malaikat"
"malakekkan","melekatkan"
"malakok","mendekap"
"malaleh","lecet"
"malalui","melalui"
"malam","malam"
"malamar","melamar"
"malambai","melambai"
"malambuang","melambung"
"malampiehkan","melampiaskan"
"malampirkan","melampirkan"
"malampok","menyelubung"
"malancakan","melancarkan"
"malando","melanda"
"malang","malang"
"malangga","melanggar"
"malangik","melangit"
"malangkah","melangkah"
"malangkiang","melengking"
"malangkuang","melengkung"
"malanjuikkan","melanjutkan"
"malantiak","melantik melentik"
"malantiang","melanting"
"malantua","melantur"
"malapiah","mngelabang"
"malapor","melapor"
"malapuah","melepuh"
"malaria","malaria"
"malarikan","menculik"
"malatakkan","menaruh mendudukkan menempatkan"
"malatiah","melatih"
"malato","melata"
"malatuih","meledek meletus"
"malayang","melayang"
"malayu","melayu"
"maleba","melebar"
"maleh","malas"
"maliang","maling"
"malibaikkan","melibatkan"
"maliek","melihat"
"maliipek","melipat"
"malik","oles"
"malilik","melilit"
"malin","alim"
"malindeh","melindas"
"malinduangi","melindungi"
"malingka","melingkar menggelung"
"malingkuiki","melingkupi"
"malinteh","melintas"
"maliuak","meliuk"
"maliyun","juta"
"malompek","melompat"
"malompoang","melompong"
"maloncek","meloncat"
"malonjak","melonjak"
"malu","malu"
"malucuiki","melucuti"
"malukih","melukis"
"malulua","menelan"
"maluluihkan","meluluskan"
"maluncua","meluncur merosot"
"mamabalanggu","membelenggu"
"mamabali","membeli"
"mamacik","memegang"
"mamadekkan","memampatkan"
"mamadu","memadu"
"mamaek","memahat"
"mamaguik","memagut"
"mamah","mamah"
"mamakik","menjerit"
"mamaku","memaku"
"mamaliangakan","memalingkan"
"mamaliaro","memelihara"
"mamalikkan","mengoleskan mengoleskan"
"mamalioro","membina"
"mamanciang","memancing"
"mamancua","memancur"
"mamandam","memendam"
"mamandang","memandang menganggap"
"mamandu","memandu"
"mamanggang","memanggang"
"mamanggia","memanggil"
"mamangkeh","memangkas"
"mamangkua","mencangkul"
"mamanjek","memanjat"
"mamanuahi","memenuhi"
"mamapakan","memaparkan"
"mamarah","memerah"
"mamaram","memeram"
"mamareso","memeriksa"
"mambaco","membaca"
"mambadah","membedah"
"mambaka","membakar"
"mambaku","membeku"
"mambalah","membelah"
"mambaleh","membalas"
"mambalik","membelit"
"mambanam","membenam"
"mambangkak","membengkak"
"mambangkikkan","membangkitkan"
"mambantah","mendebat menyangkal"
"mambantiang","membanting"
"mambao","membawa"
"mambaruik","mengusap"
"mambasuah","membasuh"
"mambasuik","membersit"
"mambidiak","membidik"
"mambileh","membilas"
"mambimbiang","membimbing"
"mambinasokan","membinasakan"
"mambirunguik","mengoceh"
"mambongka","membongkar"
"mambubuang","membubung"
"mambuek","membuat"
"mambuekkan","membuatkan"
"mambukak","membuka"
"mambulalang","membelalak mendelik"
"mambungkuak","membungkuk"
"mambungkuih","membungkus"
"mambunuah","membunuh"
"mambusuang","membusung"
"mamihak","memihak"
"mamikek","memikat memikat menambat"
"mamikiakan","memikirkan"
"mamikua","memikul"
"mamiliah","memilih"
"mamilin","memilin"
"mamisahkan","memisahkan"
"mamiyuah","mulas"
"mampabanyak","menggandakan"
"mampabini","mempersunting"
"mampacaliakkan","menayangkan"
"mampakecekkan","membicarakan"
"mampakuaik","mempererat"
"mampalanca","memperlancar"
"mamparancak","mendandani"
"mampicayokan","andal"
"mampuih","mampus"
"mamueh","beringas"
"mamuek","memuat"
"mamujuak","memujuk"
"mamukua","memukul"
"mamunguik","memungut"
"mamupuak","memupuk"
"mamuta","memutar"
"mamutuihkan","memutuskan"
"manaasia","mengira"
"manabakan","menebalkan"
"manabang","menebang"
"manabeh","menebas"
"manabuakan","menaburkan"
"manabuang","menabung"
"manabuih","menebus"
"manadahkan","menadahkan"
"managakkan","menegakkan"
"managang","menegang"
"managehkan","menegaskan"
"managiah","menagih"
"managua","menegur"
"managuahkan","meneguhkan"
"managuak","meneguk"
"manakam","menerkam"
"manakan","menekan"
"manakok","menebak"
"manakuak","menekuk"
"manakuikan","dasyat"
"manakuiki","menakuti"
"manalaah","menelaah"
"manaliti","meneliti"
"manampa","menampar"
"manampuah","menempuh"
"manampuang","menampung"
"mananam","menanam"
"manandiangi","menandingi"
"manang","menang"
"manangahi","menengahi"
"manangguak","menangguk"
"manangguang","menaggung"
"manangih","menangis"
"manangka","menangkal"
"manangkih","menangkis menepis"
"manangkuik","menagkup"
"manantang","menantang"
"manapeki","menepati"
"manapuak","menepuk"
"manarawang","menerawang"
"manariak","menarik"
"manarimo","menerima"
"manaro","menara"
"manaroboih","menerobos"
"manaruih","menerus"
"manaruihkan","meneruskan"
"manatap","menetap"
"manatapkan","menetapkan"
"manatar","menatar"
"manateh","menetas"
"manauikkan","menautkan"
"manawan","menawan"
"manayokan","menanyakan"
"mancabuik","mencabut"
"mancacek","mencela"
"mancaci","mencaci"
"mancaia","mencair"
"mancakiak","mencekik"
"mancakuik","mencakup"
"mancaliak","menatap menengok"
"mancampakkan","mencampakkan"
"mancampua","mencampur"
"mancapai","mencapai"
"mancaracau","mencaracau"
"mancaraikan","menceraikan"
"mancari","mencari"
"mancaruik","mencarut"
"mancataik","mencatat"
"mancatuihkan","mencetuskan"
"mancatuik","mencatut"
"mancencang","mencencang"
"mancibia","mencibir"
"mancik","tikus"
"mancilok","mencuri"
"mancimeeh","sinis"
"manciptokan","menciptakan"
"manconto","mencontoh"
"mancua","mancur"
"mancuang","mancung"
"mancubik","mencubit"
"mancubo","mencoba"
"mancucua","bercucuran"
"mancukua","mencukur"
"mandaawa","mendakwa"
"mandabiah","membantai"
"mandadak","mendadak"
"mandahulukan","mengutamakan"
"mandaik","mandat"
"mandakaiki","mendekati"
"mandakek","mendekat"
"mandampingi","mendampingi"
"mandandam","mendendam"
"mandanga","mendengar"
"mandanguang","mendengung"
"mandanguih","mendengus"
"mandanyuik","mendenyut"
"mandapek","mendapat"
"mandarek","mendarat"
"mandatarih","mandataris"
"mandeh","bibi"
"mandi","mandi"
"mandiami","menempati"
"mandoa","mendoa"
"mandoroang","mendorong"
"mandua","mandul"
"mandudu","menyeruduk"
"manduka","menduga"
"mandukuang","mendukung"
"manebakan","menebarkan"
"manembak","menembak"
"manempe","menempel"
"manempekan","menempelkan"
"manenggang","bijaksana menenggang"
"manga","mengapa"
"mangacau","mengacau"
"mangadok","menghadap"
"mangadokan","melangsungkan mengadakan"
"mangadu","mengadu"
"mangaih","mengais"
"mangaikkan","mengaitkan"
"mangaja","mengejar"
"mangaji","mengaji"
"mangakang","mengekang"
"mangaluah","mengeluh"
"mangaluakan","mengeluarkan"
"mangalupeh","mengelupas"
"mangampo","mengempa"
"mangamukokan","mengajukan"
"manganduang","mengandung"
"mangantuak","mengantuk"
"manganyuikkan","menghanyutkan"
"mangapakan","mengepalkan"
"mangapik","menjepit"
"mangarajokan","melaksanakan mengerjakan"
"mangarek","mengerat"
"mangarucuik","mengerucut"
"mangatam","mengetam"
"mangatokan","mengatakan mengutarakan"
"mangayuah","mengayuh"
"mangecek","berbicara bercakap"
"mangga","mangga manggar"
"manggabungkan","menggabungkan"
"manggadaikan","menggadaikan"
"manggaduah","mengganggu mengusik"
"manggaga","menggelegar"
"manggajolak","menggejolak"
"manggalagak","mendidih"
"manggaleda","menggeledah"
"manggaleh","dagang"
"manggaleongkan","mengibaskan"
"manggali","menggali"
"manggaliek","menggeliat"
"manggalitiak","menggelitik"
"manggalora","menggelora"
"manggambar","menggambar"
"manggandiang","membanding"
"mangganggam","menggenggam"
"mangganti","mengganti"
"manggantiak","menjentik"
"manggaratak","menggertak"
"manggaretek","bergetar"
"manggarikan","menggerakkan"
"manggaritih","geram"
"manggarutu","menggerutu"
"manggauik","menggaruk"
"manggigia","menggigil"
"manggih","manggis"
"manggiliang","menggiling"
"manggoda","menggoda"
"manggoreang","menggoreng"
"manggubalo","menggembala"
"manggugah","menggugah"
"manggulai","menggulai"
"mangguncang","mengguncang"
"manggundua","menggundul"
"manggunokan","menggunakan"
"mangguntiang","menggunting"
"manggusua","menggusur"
"mangieh","menghias"
"mangikia","mengikir"
"mangikih","cekikik mengikis"
"mangirim","mengirim"
"mangka","jengkel mengkal sebal"
"mangkia","absen bolos mangkir"
"mangkianaiki","mengkhianati"
"mangkin","makin"
"mangkuak","..."
"mangkuih","mangkus"
"manguaikkan","menguatkan"
"mangucua","mengucur"
"mangudok","mengudap"
"mangukua","mengukur"
"mangukuih","mengukus"
"manguleh","mengulas"
"manguluakan","mangulurkan"
"mangundua","mengundur"
"mangunjuangi","mengunjungi"
"mangunyah","mengunyah"
"mangureh","menguras"
"manguruik","mengurut"
"mangusuik","mengusut"
"manguyak","mencabik"
"maniak","manik"
"maniangko","almarhum marhum mendiang"
"maniduakan","menidurkan"
"manih","luwes manis"
"maniliak","menilik"
"manimang","menimang"
"manimbang","menimbang"
"manimbo","menimba"
"manimbuakan","menimbulkan"
"manimbun","menimbun"
"manindeh","menindas"
"manindiah","menindih"
"maningadah","mendongak mengadah"
"maningga","meninggal"
"maningkek","meningkat"
"maninjau","meninjau"
"manipu","menipu"
"maniru","meniru"
"manitiak","menitik"
"manitiakkan","menitikkan"
"manitih","meniti"
"manjabaik","menjabat"
"manjadi","menjadi"
"manjago","menjaga"
"manjaik","menjahit"
"manjala","menjalar merambat"
"manjalajah","menjelajah"
"manjalang","menjelang"
"manjalehkan","menjelaskan"
"manjalo","menjaring"
"manjalujua","menjelujur"
"manjamua","menjemur"
"manjangkau","menjangkau"
"manjanguak","menjenguk takziah"
"manjapuik","menjemput"
"manjarumuihkan","menjerumuskan"
"manjawek","menjawab"
"manjilek","menjilat"
"manjinjiang","menjinjing"
"manjiragau","gondrong"
"manjo","cengeng manja"
"manjua","manjur menjual"
"manjujuik","menjujut"
"manjulai","menjulai"
"manjulang","menjulang"
"manjulua","menjulur"
"manjunjuang","menjunjung"
"mano","mana"
"manodoang","menodong"
"manokok","menokok"
"manoloang","menolong"
"manompang","menumpang"
"manonton","menonton"
"manoropoang","meneropong"
"manpaaik","manfaat"
"mansi","cumi-cumi mensiang"
"mansiu","mesiu"
"mantang","mentang"
"mantari","menteri"
"mantereang","mentereng"
"manuang","menuang"
"manubuak","menjebol"
"manuduah","menuduh"
"manueh","menuas"
"manugehkan","menugaskan"
"manuju","menuju"
"manuka","menukar"
"manukuaki","membumbui"
"manulak","menolak"
"manulih","menulis"
"manumbok","menambal"
"manumbuak","menumbuk"
"manumpuak","menumpuk"
"manundo","mengulur menunda"
"manunduak","menunduk"
"manunjuak","menuding menunjuk"
"manuntuik","menuntut"
"manuntun","menuntun"
"manupang","menopang"
"manuriah","menoreh"
"manuruik","menurut"
"manusia","manusia"
"manusuak","menusuk"
"manutuakan","menuturkan"
"manutuik","menutup"
"manyabakan","menyebarkan"
"manyabik","menyabit"
"manyabuang","menyabung"
"manyabuik","menyebut"
"manyabuikkan","menyebutkan"
"manyahuik","menyahut"
"manyaik","mengiris"
"manyalekkan","menyelipkan"
"manyalinok","menyelinap"
"manyaluakan","menyalurkan"
"manyaluruah","integral"
"manyama","menyamar"
"manyambah","menyembah"
"manyambua","menyembul"
"manyambuang","menyambung"
"manyambuik","menyambut"
"manyandiang","menyanding"
"manyanduang","menyandung"
"manyanggah","membangkang"
"manyanggua","menyanggul"
"manyangko","menyangka"
"manyangkuik","menyangkut"
"manyanjuang","menyanjung"
"manyapuah","menyepuh"
"manyarah","menyerah pasrah"
"manyarahkan","menyerahkan"
"manyarang","menyerang"
"manyariang","menyaring"
"manyarikaikkan","menyekutukan"
"manyaru","menyeru"
"manyasa","menyesal"
"manyasah","mencuci"
"manyasak","mendesak"
"manyasali","menyesali"
"manyatoi","menyertai"
"manyayaik","menyayat"
"manyeka","menyeka"
"manyekakan","membarutkan"
"manyeo","menyewa"
"manyerak","menyerak"
"manyeso","menyiksa"
"manyiaseki","menyiasati"
"manyibak","menyibak"
"manyigi","melacak"
"manyihia","menyihir"
"manyikapi","menyikapi"
"manyikek","menyikat"
"manyikuik","menyikut"
"manyilam","menyelam"
"manyimak","menyimak"
"manyimpan","menyimpan"
"manyindia","menyindir"
"manyingkek","menyingkat"
"manyingkia","menyingkir"
"manyingkiakan","menyingkirkan"
"manyintuah","menyentuh"
"manyipak","menendang"
"manyisiah","menyisih"
"manyisiahkan","menyisihkan"
"manyitarika","menyetrika"
"manyolang","menyanggah"
"manyomboangkan","menyombongkan"
"manyonsoang","menentang menyongsong"
"manyoroang","menyorong"
"manyuarokan","menyuarakan"
"manyubarang","menyeberang"
"manyubuakan","menyuburkan"
"manyuduikkan","menyudutkan"
"manyuguahkan","menyuguhkan"
"manyukoi","menyukai"
"manyulam","menyulam"
"manyuliang","menyuling"
"manyuluik","menyuluk"
"manyumbang","menyumbang"
"manyumbek","menyumbat"
"manyuok","menyuap"
"manyuruah","menyuruh"
"manyusu","menyusu"
"manyusui","menyusui"
"manyusun","menyusun"
"maolah","mengolah"
"maonggokkan","mengelompokkan"
"maoroangkan","mengurungkan"
"maosoang","mengusung"
"maota","ngobrol"
"marabuik","merebut"
"maracak","mengendara"
"maracuni","meracuni"
"maradamkan","meredamkan"
"maragang","meregang"
"maraiah","meraih"
"marajalelo","merajalela"
"marajuik","merajut"
"marakekkan","merekatkan"
"marakik","merakit"
"maramang","meremang"
"marambah","merambah"
"marambek","merambat"
"marameh","memeras merems"
"marampeh","merampas"
"maramu","meramu"
"marandah","merendah"
"marandam","merendam"
"marandang","merendang"
"marando","menjanda"
"maranggang","merenggang"
"marangguik","merenggut"
"marangkah","merekah"
"marangkuah","merengkuh"
"marangsang","merangsang"
"marantangka","merentangkan"
"marantiah","meranti"
"maranuang","merenung"
"maranuangkan","merenungkan"
"marapulai","mempelai pengantin"
"maraso","merasa"
"marasuak","merasuk"
"marauang","meraung"
"marauik","meraut"
"mardeka","merdeka"
"mareka","mereka"
"marendo","membordir"
"maresek","menjamah meraba"
"mariah","meriah"
"mariam","meriam"
"maribuikkan","meributkan"
"marica","merica"
"marindiang","merinding"
"maringkiak","meringkik"
"maringkuak","meringkuk"
"maringkuih","meringkus"
"marintangi","merintangi"
"marintiah","merintih"
"marintis","merintis"
"marmuik","marmut"
"marokok","merokok"
"marpati","merpati"
"martabak","martabak"
"marumuihkan","merumuskan"
"marundiangkan","merundingkan"
"marunduak","merunduk"
"marunduang","merundung"
"marunyuik","elastik melar molor"
"marupakan","merupakan"
"marusak","merusak"
"maruyak","infeksi"
"masak","masak matang"
"masalah","masalah"
"masam","masam"
"masiah","masih"
"masiak","mersik"
"masiang-masiang","masing-masing"
"masin","mesin"
"maso","masa"
"masuak","masuk"
"masyarakaik","masyarakat"
"matah","baku mentah"
"mati","mati"
"mato","mata"
"matoari","matahari"
"maubah","mengubah"
"mauik","maut"
"maumbang","mumbang"
"maumbuak","membujuk"
"maungkik","mengungkit"
"maunjam","menghujam"
"mauntuah","memetik"
"mauntuangkan","menguntungkan"
"maunuih","menhunus"
"mauok","menguap"
"maupek","mengumpat"
"mauraikan","menguraikan"
"maurak","mengorak"
"mauruih","mengurus"
"mauruikkan","mengrutkan"
"mausia","mengusir"
"mausuakan","menngusulkan"
"mautuih","mengutus"
"mawa","mawar"
"mawarnoi","mewarnai"
"maya","maya"
"mayungkuik","menyungkup"
"medan","medan"
"meja","meja"
"meli","mili"
"mengabek","mengebat"
"menyalekkan","menyisipkan"
"menyingguang","menyinggung"
"menyokoang","menyokong"
"merah","merah"
"merak","merak"
"mereang","miring"
"merek","merek"
"merekan","belacu"
"mesra","mesra"
"mesum","mesum"
"meter","meter"
"mewah","mewah"
"meya","mengamuk"
"mi","mi"
"miang","miang"
"mie","bakmi"
"miliak","milik"
"milukuik","bekatul"
"mimba","mimbar"
"mimisan","mimisan"
"mimpi","mimpi"
"minaik","minat"
"minantu","mantu"
"minapiak","munafik"
"minggu","minggu"
"mingkaruang","bengkarung kadal"
"mingkudu","bengkudu mengkudu"
"mini","mini"
"minik","menit"
"mintak","minta"
"mintuo","mertua"
"minum","minum"
"minyak","minyak"
"mirauk","mihrab"
"misa","misal"
"misikin","miskin"
"mode","model"
"mogok","mogok"
"molah","ayo mari"
"montir","montir"
"motif","motif"
"motivasi","motivasi"
"motor","motor"
"msnyadua","menyadur"
"muai","muai"
"muak","muak"
"muaro","muara"
"mubalia","mubaligh"
"mubazia","mubazir"
"mudaraik","mudarat"
"mudiak","mudik"
"mudo","belia muda"
"muek","muat"
"mugarik","magrib"
"muharam","muharam"
"muhun","mohon"
"mujarab","mujarab mustajab"
"mujua","mujur"
"mukaluak","makhluk"
"mukaruah","makruh"
"mukasuik","maksud"
"muko","depan muka paras wajah"
"mulai","mulai"
"mularuik","melarat"
"mulia","mulia"
"mulo","mula"
"muluik","mulut"
"mumuak","keropos"
"muncuang","moncong"
"mundua","mundur"
"mungka","mungkar"
"mungkia","mungkir"
"mungkin","mungkin"
"muno","murung"
"mupakaik","mufakat"
"mur","mur"
"murah","gampang mudah murah"
"murak-marik","morat-marit"
"muram","muram"
"murik","murid"
"murni","murni"
"musahua","beken"
"musajik","masjid"
"musang","musang"
"musapia","musafir"
"musawarah","musyawarah"
"musibah","musibah"
"musik","musik"
"musiki","meski"
"musim lapa","paceklik"
"musin","musim"
"musiti","harus mesti"
"muslim","muslim"
"musriak","musyrik"
"mustahia","mustahil"
"mustika","mestika"
"musuah","musuh"
"mutah","muntah"
"mutasi","mutasi"
"mutu","mutu"
"muyang","moyang"
"nagara","negara"
"nagari","negeri"
"nagosari","nagasari"
"naiak","naik"
"naimaik","nikmat nikmat"
"najih","najis"
"namo","nama"
"namolain","julukan"
"namuah","mau"
"nan","yang"
"naneh","nanas"
"nangkodoh","nahkoda"
"napakah","nafkah"
"napas","nafas"
"napasu","nafsu"
"naraco","neraca"
"narako","neraka"
"nayalo","nyala"
"naza","nazar"
"ndak","bukan"
"negatip","negatif"
"nekaik","nekat"
"nene","linglung nanar"
"ngangak","sembrono"
"ngangek","ngengat"
"ngari","ngeri"
"ngnangak","sembrono"
"niago","niaga"
"niaik","niat"
"nilo","nila"
"nipas","nifas"
"nona","nona"
"nopel","novel"
"nyao","nyawa"
"nyarak","marak norak"
"nyariang","nyaring"
"nyato","nyata"
"nyinyia","bawel cerewet rewel"
"obeang","obeng"
"odi","naas"
"oleang","oleng"
"onde","amboi"
"ondeh","aduhai alangkah"
"ongah","congkak"
"ongkoih","biaya ongkos ongkos"
"ongok","bodoh tolol tolol"
"opor","oper"
"oraik","aurat"
"oroang","gagal urung"
"osoang","bopong gotong"
"osoh","asah"
"oto","bis mobil"
"oyoang","oyong"
"oyong","huyung"
"paambuih","pengembus"
"paanuik","pemeluk"
"paapuih","setip"
"pabantahan","pertengkaran"
"pabirk","pabrik"
"paca","pijit"
"pacah","pecah"
"pacahan kaco","beling"
"pacik","pegang"
"paco","perca"
"pacu","balap"
"pacumo","percuma"
"padati","pedati"
"padeh","pedas"
"padek","padat pejal"
"padek semok","bahenol"
"padi","gabah"
"padiah","pedih perih"
"pado","pada"
"padohal","padahal"
"padoman","pedoman"
"paduko","paduka"
"paduli","peduli"
"padusi","perempuan"
"paek","bobok pahat"
"paga","pagar"
"pagaulan","pergaulan"
"pagawai","ajudan"
"paguik","pagut"
"pahalo","pahala"
"paham","faham"
"paho","paha"
"pai","pergi"
"paidah","faedah paedah"
"paih","pas"
"paik","pahit"
"paiyokan","rundingan"
"paja sirah","orok"
"pajabaik","pejabat pejabat"
"pajaketek","bocah"
"pajam","pejam"
"pak ketek","paman"
"paka","pakal"
"pakak","pekak tuli"
"pakakeh","perkakas"
"pakan","balai pekan"
"pakan nasi","lauk pauk"
"pakang","agen"
"pakansi","vakansi"
"pakarangan","pekarangan"
"pakarati","pekerti"
"pakaro","kasus perkara"
"pakek","kental pekat"
"pakiak","jerit pekik"
"pakok","ampang"
"paksinasi","vaksinasi"
"pakuak","bacok"
"pakuang","pekung"
"pakuasi","evakuasi"
"pakuburan","kuburan"
"pakum","vakum"
"palabegu","animisme"
"palacuik","cambuk pelecut"
"palaik","pelat"
"palak-palak","gerah"
"palakaik","pelekat"
"palaminan","pelaminan"
"palampuang","pelampung"
"palampung","pelampung"
"palanggaran","pelanggaran"
"palangi","pelangi"
"palangkin","belangkin"
"palano","pelana"
"palantiang","pental"
"palapah","pelepah"
"palasik","kuntilanak"
"palasu","palsu"
"palatihan","pelatihan"
"palensi","valensi"
"palesek","peleset"
"paliang","paling"
"paliaro","pelihara"
"palinduang","pelindung"
"palipih","pelipis"
"palito","pelita"
"palo","pala"
"palokok","pentung"
"palonco","pelonco"
"palopor","pelopor"
"palsafah","falsafah"
"paluah","keringat peluh"
"paluak","dekap peluk rangkul"
"paluang","palung"
"paluik","palut peluit"
"paluntua","peluntur"
"palupo","pelupa"
"palupuah","pelupuh"
"palupuak","pelupuk"
"paluru","peluru"
"pamandangan","pemandangan"
"pamaneh","emosi"
"pamatang","pematang"
"pambalian","pembelian"
"pambarian","karunia"
"pambarontak","pemberontak"
"pamberang","garang"
"pambiteh","penyekat"
"pambuek","penghasil"
"pambuluah","pembuluh"
"pamenan","permainan"
"pamili","famili"
"pamurah","dermawan"
"pana","fana"
"panadah","penadah"
"panakuik","penakut"
"panampilan","penampilan"
"panangka","penangkal"
"panatik","fanatik"
"pancak","pencak"
"pancaliakkan","penglihatan"
"pancang","patok"
"panciang","pancing"
"pancih","panci"
"pancilok","alap-alap pencuri"
"pancua","pancur"
"pancuang","pancung"
"panda-pandaan","amatiran"
"pandam","pendam"
"pandandam","pendendam"
"pandangaran","pendengaran"
"pandangkih","pendengki"
"pandapatan","pendapatan"
"pandapek","anggapan opini"
"pandeka","pendekar"
"pandeta","pendeta"
"pandia","bebal begok pandir"
"panduduak","penduduk penduduk"
"panduto","pendusta"
"paneh","panas"
"panek","penat"
"panek-panek","pegal"
"pangabisan","penghabisan"
"pangacara","advokat"
"pangaluaran","pengeluaran"
"pangampun","pengampun"
"pangaruah","pengaruh"
"pangaruh","efek"
"pangaruih","imbas"
"pangasiah","pengasih"
"pangasuh","pengasuh"
"pangatamaan","pengetaman"
"pangek","pengat"
"panggabungan","integrasi"
"panggak","bangga"
"panggalan","penggalan"
"panggalih","pedagang"
"pangganja","bantalan"
"panggia","panggil"
"panggua","panggul"
"pangguguran","aborsi"
"panghasilan","penghasilan"
"pangicuah","culas"
"panginapan","losmen"
"pangiriang","pengiring"
"pangka","pangkal"
"pangkeh","pangkas"
"pangkek","pangkat"
"pangkua","cangkul pacul"
"panglima","panglima"
"pangok","asma bengek"
"pangulu","penghulu"
"paniang","pening"
"panilaian","evaluasi"
"panile","panili"
"panili","vanili"
"panitik","peniti"
"panjalasan","penjelasan"
"panjaro","bui"
"panjek","panjat"
"panlanta","pelantaran"
"panokok","martil palu penokok"
"pansiun","pensiun"
"pantajamah","penterjemah"
"pantiang","penting"
"panuah","penuh"
"panyaba","penyabar"
"panyabaran","penyebaran"
"panyakik","wabah"
"panyanyi","biduan"
"panyaok kapalo","cadar"
"papa","papar"
"papatah","pepatah"
"parabot","perabot"
"paradam","peredam"
"paradu","fardu"
"paragaik","instrumen onderdil"
"paragiah","anugerah pemberian"
"parago","peraga"
"parah","akut fatal perah"
"parakek","perekat perekat"
"paraksiang","dinihari"
"paraktek","praktek"
"paralu","butuh perlu"
"param","peram"
"parang","perang"
"parangai","karakter perangai"
"parangkaik","perangkat"
"parangko","perangko"
"parangkok","jebak"
"paranti","pecat"
"parantian","perhentian"
"parasangko","prasangka"
"parasik","parasit"
"paraso","peka"
"parasuik","parasut"
"paraturan","peraturan"
"parau","serak"
"parawan","perawan"
"parban","perban"
"parcuma","percuma"
"pardana","perdana"
"pardata","perdata"
"pareman","pereman"
"parentah","aba-aba perintah"
"paretongan","perhitungan"
"pariabel","variabel"
"paribadi","pribadi"
"parih","pari"
"parihal","perihal"
"parimpunan","perhimpunan"
"paringkek","peringkat"
"parinsip","prinsip"
"parintih","perintis pionir"
"pariode","periode"
"pariodik","periodik"
"parisai","perisai"
"pariso","periksa"
"pariuk","periuk"
"parlente","amtenar"
"parmadani","permadani"
"parmanen","permanen"
"parmasi","farmasi"
"parmato","permata"
"parnah","pernah"
"parogram","program"
"parokok","peroko"
"partamo","pertama"
"partanyoan","pertanyaan"
"parubahan","perubahan"
"paruik","parut perut"
"parupuak","perupuk"
"pasa","pasar"
"pasa murah","bazar"
"pasal","fasal"
"pasalisihan","insiden"
"pasan","pesan"
"pase","fase"
"pasia","pasir"
"pasiah","fasih pasih"
"pasiak","fasik"
"pasimih","pesimis"
"pasis","fasis"
"pasisia","pesisir"
"paso","paksa paksa"
"pasona","pesona"
"pasu","baskom"
"pasuang","pasung"
"patalian","pertalian"
"patamuan","pertemuan"
"patando","pertanda"
"patang","petang sore"
"patani","petani"
"pati","pateri pati"
"patiah","patih"
"patuah","patuh"
"patuang","patung"
"patui","petir"
"patuik","layak pantas patut"
"patunjuak","petunjuk"
"pauik","paut"
"paupek","pengumpat"
"payo","paya"
"payuang","payung"
"pebruari","februari"
"pegawai","pegawai"
"pelumaih","pelumas"
"per","pegas"
"perai","libur"
"peran","andil"
"peta","peta"
"peti","peti"
"petibasi","brankas"
"petisi","petisi"
"piala","piala"
"piaro","piara"
"piaroan","piaraan"
"picak","gepeng"
"pical","lotek"
"picayo","percaya"
"piciang","picing"
"picik","picit"
"pija","fajar"
"pikek","pikat"
"pikia","fikir pikir"
"pikua","pikul"
"pikuak","pikuk"
"pila","pilar"
"pilem","film"
"piliah","pilih"
"pilin","pintal"
"pincalang","pencalang"
"pincuran","pancuran talang"
"pindah","boyong"
"pinggua","pinggul"
"pingik","pingit"
"pinjaik","penjahit"
"pinjaro","penjara"
"pinjuru","penjuru"
"pinsan","pingsan"
"pintak","pinta"
"pinteh","pintas"
"pintia","pentil"
"pinyak","pesek"
"pinyangek","penyengat"
"pipik","pipit"
"piriang","piring"
"pisawek","pesawat"
"pitah","fitrah"
"pitanah","fitnah"
"pitih","dana duit pitis uang"
"pituah","patuh"
"pituluik","pensil"
"piuah","piuh"
"piuik","piut"
"pokok","modal"
"pondok","gubuk"
"pontoang","buntung"
"porum","forum"
"poto","foto"
"potoang","potong"
"poya","foya"
"poyok","lonte"
"puaso","puasa"
"pucek","pucat"
"pucuak","pucuk"
"puda","pudar"
"pudiang","puding"
"pueh","puas"
"puga","pugar"
"puiang","puing"
"pujuak","belai pujuk"
"pukek","pukat"
"pukua","pukul"
"pulao","pula"
"puluah","puluh"
"pulun","gumul"
"pungguak","pungguk"
"pungguang","punggung"
"punguik","pungut"
"punta","puntal"
"puntuang","puntung"
"punyo","punya"
"pupuak","pupuk"
"pupuih","pupus"
"pupuik","puput"
"puro","pura"
"puru","nambi"
"puruik","purut"
"pusako","pusaka"
"pusaro","pusara"
"pusek","pusar pusat"
"pusiang","pusing"
"puta","belit putar"
"putiah","putih"
"putiak","putik"
"putiang","puting"
"putuih","putus"
"puyuah","puyuh"
"rabaa","rabu"
"rabab","rebab"
"rabah","rebah"
"rabahan","rebahan"
"rabano","rebana"
"rabeh","rabas"
"rabuak","rabuk"
"rabuang","rebung"
"rabuik","rebut"
"radam","redam"
"raga-raga","agar-agar"
"ragang","regang"
"rago","raga"
"ragu","bimbang"
"raguik","reguk"
"rahmaik","rahmat"
"raiah","raih"
"rajaki","rezeki"
"rajo","raja"
"rajuik","rajut"
"rakaaik","rakaat"
"rakek","rekat"
"rakening","rekening"
"rakik","rakit"
"rakuih","rakus"
"rakyaik","rakyat"
"ramang","remang"
"ramatik","encok rematik"
"rambah","babat"
"rambang","rembang"
"rambuik","rambut"
"rameh","peras remas"
"rami","ramai"
"ramo-ramo","kupu-kupu rama-rama"
"rampah","rempa"
"rampeh","rampas"
"rampiang","ramping"
"rampuang","rampung"
"ramuak","remuk"
"ranang","renang"
"rancak","apik bagus cantik indah molek sedap"
"randah","rendah"
"randam","rendam"
"randang","rendang"
"ranggah","jengger"
"ranggang","renggang"
"rangguik","renggut"
"rangik","nyamuk"
"rangkah","rekah"
"rangkuah","rengkuh"
"rantang","rentang"
"rantiang","ranting"
"ranuang","renung"
"ranun","ranum"
"rapek","ketat rapat"
"rapuah","rapuh"
"rarak","jebol"
"rasah","gundah resah"
"rasan","basi"
"raso","raksa rasa"
"rasuak","rasuk"
"ratak","retak"
"rato","rata"
"ratuih","ratus"
"rauang","raung"
"rauik","raut"
"raun-raun","pesiar"
"rawang","rawa"
"rayo","raya"
"redaksi","redaksi"
"rede","ilustrasi"
"renceh","mungil"
"rendo","bordir renda"
"resek","jamah raba"
"ribuik","gempar ribut"
"rila","rela"
"rimbo","rimba"
"rinai-rinai","gerimis"
"rinci","detail"
"ringkiak","ringkik"
"ringkuak","ringkuk"
"ringkuih","ringkus"
"rintiah","rintih"
"rintiak","rintik"
"ripik","keripik"
"riwayaik","riwayat"
"rol","mistar penggaris"
"rombeang","rombeng"
"ronde","babak"
"rono","corak rona"
"rotibelek","biskuit"
"royal","boros"
"rueh","ruas"
"rujuak","rujuk"
"rumbai","jumbai"
"rumbio","rumbia"
"rumik","pelik rumit"
"rumpuik","rumput"
"rumuih","rumus"
"runciang","runcing"
"rundiang","bahas rembuk runding"
"rundo","patroli ronda"
"runduak","runduk"
"runduang","rundung"
"rungguik","renggut"
"runtuah","ambruk roboh runtuh"
"rupo","rupa"
"ruruah","rontok"
"ruruik","luruh"
"rusak parah","bobrok"
"ruso","rusa"
"rusuah","srusuh"
"rusuak","rusuk"
"ruyuang","ruyung"
"saba","sabar sebar"
"sabab","sebab"
"sabagai","selaku"
"sabalah","sebelah"
"sabaleh","sebelas"
"sabaliaknyo","justru"
"sabananyo","sebenarnya"
"sabandiang","sebanding"
"sabanta","sebentar"
"sabik","sabit"
"sabilih","seketip"
"sabuak","sabuk"
"sabuang","sabung"
"sabuik","sabut sebut"
"sada","sadar"
"sadak","sedak"
"sadakah","sedekah"
"sadan","sedan"
"sadang","sedang"
"sadangkan","sedangkan"
"sadarajaik","sederajat"
"sadarano","sederhana"
"sadepo","sedepa"
"sadiah","prihatin sedih"
"sadih","sadis"
"sadio","sedia"
"sadonyo","belaka"
"sadua","sadur"
"saedaran","kawasan"
"saembe","seember"
"sagadumpok","segelintir"
"sagalo","segala serba"
"sagan","segan sungkan"
"sagang","bagasi"
"sagi","segi"
"sahabaik","sahabat"
"sahajo","sahaja"
"sahiah","absah"
"sahua","sahur"
"sahuik","sahut"
"saiah","sahih"
"saiang","saing"
"saik","iris"
"saingek","singat"
"saino","sehina"
"saisuak","purba"
"saiyo","seia"
"sajahtera","sejahtera sejahtera"
"sajajar","sejajar"
"sajak","sejak semenjak"
"sajangka","sejengkal"
"sajarah","sejarah"
"sajo","saja"
"sajuak","sejuk"
"sakabek","sekebat"
"sakarek","sekarat"
"sakatiko","insidentil"
"sakek","sekat"
"saketek","sedikit"
"sakian","sekian"
"sakik","sakit"
"sakileh","sekilas"
"sakilo","sekilo"
"sakironyo","sekiranya"
"sakongkol","sekongkol"
"saku","kocek"
"sakujua","sekujur"
"sakutu","sekutu"
"salabaran","selebaran"
"salaf","salep salep"
"salah","pelak"
"salalu","senantiasa"
"salamaik","selamat"
"salangka","selangka"
"salangkah","selangkah"
"salapan","delapan"
"salapgosok","balsem"
"salapih","selapis"
"salasa","selasa"
"salasai","selesai"
"salasiah","selasih"
"salatan","selatab"
"saleba","selebar"
"salemo","flu pilek"
"salempang","selempang"
"salendang","kerudung selendang"
"salero","selera"
"saliah","saleh saleh"
"saliang","saling"
"salidik","selidik"
"saligi","seligi"
"salimuik","selimut"
"salingkuah","selingkuh"
"salinok","selinap"
"salinteh","selintas"
"salisiah","selisih"
"salo","celah sela"
"salo menyalo","selang-seling"
"salodang","seludang"
"salua","salur"
"saluak","seluk"
"salubuang","selubung"
"saluik","salut"
"saluruah","seluruh"
"sama","samar"
"samak","semak"
"samananjuang","semenanjung"
"samantaro","sementara"
"samato","semata"
"samato-mato","semata-mata"
"samayam","semayam"
"samba","sambal"
"sambah","sembah"
"sambahyang","sembahyang"
"sambarang","sembarang"
"sambarangan","acak"
"sambia","sambil"
"sambilan","sembilan"
"sambok","sembab"
"samboyan","motto semboyan"
"sambua","percik sembur"
"sambuah","banyak"
"sambuang","sambung"
"sambuik","sambut"
"samesta","semesta"
"samester","semester"
"saminar","seminar"
"samo","sama"
"samo barek","setimbang"
"samobarek","imbang"
"sampai ati","tega tega"
"samparah","ampas"
"samparono","sempurna"
"sampiang","samping"
"sampik","picik sempit"
"sampulu","empulur"
"samuik","semut"
"sanak","anda bung"
"sanam","senam"
"sanang","bahagia nyaman senang"
"sandao","sendawa"
"sandek","sendat"
"sandero","sandera"
"sandi","sendi"
"sandiang","sanding"
"sandiri","sendiri"
"sanduak","sendok"
"sanduang","sandung"
"sanga","sangar"
"sangajo","sengaja"
"sangek","sengat"
"sangga","sanggar"
"sanggah","bangkang protes"
"sanggua","sanggul"
"sangguik","sanggup"
"sangka","sangkar"
"sangketo","konflik sengketa"
"sangko","sangka"
"sangkua","sangkur"
"sangkuik","sangkut"
"sanjang","senjang"
"sanjo","senja"
"sanjuang","sanjung"
"sansaro","derita sengsara"
"santiang","hebat lihai"
"sanyum","senyem senyum"
"sapaduo","seperdua"
"sapah","sepah"
"sapandai","sepandai"
"sapangga","sepenggal"
"sapantun","semisal"
"saparo","separo"
"sapatuiknyo","sewajarnya"
"saperai","seperai"
"sapik","jepit"
"sapinteh","sepintas"
"sapo","sapa"
"sapuah","sepuh"
"sapuluah","sepuluh"
"sapupu","sepupu"
"sarabi","serabi"
"sarabuik","serabut serat"
"saragam","seragam"
"sarah","serah"
"sarai","serai"
"saraik","syarat"
"sarambi","serambi"
"sarang","serang"
"sarangan","agresi"
"sarantak","serempak"
"sarap","saraf saraf"
"sarasi","harmonis selaras serasi serasi"
"sarato","serta"
"saratuih","seratus"
"sarawa","celana seluar"
"sarayo","seraya"
"sarek","sarat"
"sariaik","syariat"
"sariang","saring"
"sarik","langka"
"sarikaik","serikat"
"sarikayo","serikaya"
"sarius","serius"
"sarobaik","bandrek"
"saroboik","serobot"
"sarok","sampah"
"saru","seru"
"saruan","seruan"
"saruang","sarung"
"sarueh","seruas"
"sarugo","surga"
"sarumpun","serumpun"
"sarupo","ala mirip serupa"
"sarupojo","seperti"
"sasa","sesal"
"sasak","desak pengap sesak"
"sasampai","setiba"
"sasek","nyasar sasar sesat"
"sasi","saksi"
"sasuai","cocok"
"sasuok","sesuap"
"satandan","setandan"
"satangah","setngah"
"satara","setara"
"sati","sakti"
"satia","setia"
"satingkek","setingkat"
"satu","sabtu"
"satuju","akur setuju"
"saua","saur"
"sauah","sauh"
"sauak","sauk"
"sauleh","seulas"
"saumua","seumur"
"sauteh","seutas"
"sawan","ayan"
"sawik","sawit"
"sayaik","sayat"
"sayok","sayap"
"sayua","sayur"
"sayuik","sayup"
"segel","segel"
"selasa","selasa"
"semba","samba sambar"
"sene","barangkali"
"seni","seni"
"seo","carter sewa"
"sepak","tendang tendang"
"serap","cadang"
"setan","setan"
"setimpa","setimpal"
"sia","siapa"
"siajuo","barangsiapa"
"siasek","siasat"
"sibuak","repot"
"sibuik","sibuk"
"sidiak","sidik"
"sihaik","sehat"
"sihia","sihir"
"sikajuik","sekejut"
"sikap","sekop sekop"
"sikaruik","sekerup"
"sikek","sikat sisir"
"siko","sini"
"sikoci","sekoci"
"sikola","sekolah"
"sikuik","sikut"
"sikuruik","sekrup"
"silam","selam"
"silek","silat"
"siliah","silih"
"simir","semir"
"simpanan","cadangan"
"simpuah","simpuh"
"sinan","sana situ"
"sinapang","senapan"
"sinayan","senin"
"sindia","sindir"
"singgah","mampir"
"singguang","singgung"
"singkalik","sengkelit"
"singkek","ringkas singkat"
"singkia","singkir"
"sinjato","senjata"
"sinonoh","senonoh"
"sinta","montok"
"sintak","sentak"
"sintuah","sentuh"
"sinyawa","senyawa"
"sio-sio","konyol sia-sia"
"sipaik","sifat"
"sipak","sepak"
"sipasan","lipan"
"sipatu","sepatu"
"sipatung","capung"
"sipik","sipit"
"sipongang","gema"
"sirap","bekal serap"
"sirauik","siraut"
"sirek","sirat"
"siriah","sirih"
"siriak","sirik"
"sisiah","sisih"
"sisiak","sisik"
"sisik","sisip"
"siso","saldo sisa"
"sisunguik","kumis"
"sitarika","setrika"
"sitasiun","setasiun stasiun"
"sitokar","kenek"
"siua","siur"
"sokoang","sokong"
"solang","bantah interupsi"
"somboang","sombong"
"sonsang","sunsang"
"sonsoang","songsong"
"sorang-sorang","individu"
"soroang","sorong"
"sua","jumpa"
"suami","suami"
"suaro","suara"
"subang","anting-anting"
"subarang","seberang seberang"
"subua","subur"
"subuah","subuh"
"sudaga","saudagar"
"sudara","saudara"
"suduik","pojok sudut"
"suduik pandang","aspek"
"suguah","suguh"
"sujuik","sujud"
"sukek","sukat"
"suko","suka"
"sulap","sulap"
"suliang","suling"
"sulik","sukar sukar sulit"
"suluah","obor suluh"
"suluak","suluk"
"suluik","selop sulut"
"sumangaik","etos gairah semangat"
"sumarak","semarak"
"sumbek","sumbat"
"sumbiang","sumbing"
"sumbua","sembul"
"sumpahsarapah","cacimaki"
"sumpik","sumpit"
"sumua","sumur"
"sunaik","khitan sunat"
"sungguah","sungguh"
"sungkua","sungkur"
"sungkuik","songkok sungkup"
"sunguik","sungut"
"suntiang","suntin"
"suntuak","suntuk"
"suo","sua"
"suok","suap"
"supadeh","jahe"
"supakaik","sepakat sepakat"
"supayo","agar supaya"
"surau","musala"
"surek","surat"
"suruah","suruh"
"suruak","selinap"
"suruik","surut"
"susah","nestapa"
"susuik","susut"
"suto","sutra sutra"
"syahadaik","syahadat"
"taalang","terhalang"
"taalia","tahlil"
"taaluak","takluk"
"taambek","terhambat"
"taambung","terambung"
"taampa","terhampar"
"taampeh","terhempas"
"taancam","terancam"
"taandok","laten"
"taangah","terengah"
"taantuak","kesandung mentok terantuk"
"taanyak","terduduk"
"taapuang","terapung"
"taaromaik","terhormat"
"taasia","reka taksir taksir"
"taatua","teratur"
"taba","tebal"
"tabaka","terbakar"
"tabalah","terbelah"
"tabalia","tabligh"
"tabaliak","terbalik"
"tabalik","tebelit"
"tabanam","terbenam"
"tabang","tebang terbang"
"tabao","terbawa"
"tabasuik","terbesit"
"tabeh","tebas"
"tabek","tambak tebat"
"tabia","tabir"
"tabiaik","tabiat"
"tabiang","tebing"
"tabik","muncul terbit"
"tabongka","terbongkar"
"tabu","tebu"
"tabua","tabur"
"tabuah","beduk tabuh"
"tabuahan","tabuhan"
"tabuak","bobol bolong tebuk"
"tabuang","tabung"
"tabudua","menggebu"
"tabuih","tebus"
"tabujua","terbujur"
"tabukak","terbuka"
"tabukti","terbukti"
"tabulalang","terbelalak"
"tacampuang","tercemplung"
"tacangang","kagum tercengang"
"tacantum","tercantum"
"tacemo","tercemar"
"tacoreang","tercoreng"
"tadampa","terdampar"
"tadanga","terdengar"
"tadi","tadi"
"tadiam","terpaku"
"tadinyo","tadinya"
"tadoroang","terdorong"
"taduah","reda teduh"
"taedang","terhidang"
"taetoang","terbilang"
"tagageh","tergesa"
"tagah","cegah larang tegah"
"tagak","tegak"
"tagaliciak","selip tergelincir"
"tagana","terpesona terpesona"
"taganang","tergenang"
"tagang","tegang"
"tagarak","tergerak"
"tageh","drastis tegas"
"tagiah","tagih"
"tagoda","tergoda"
"tagok","tegap"
"tagua","tegur"
"taguah","teguh"
"taguak","teguk"
"tagugah","tergugah"
"tahan","betah"
"taicia","tercecer"
"taimpik","terhimpit tertindih"
"tainda","terhindar"
"taingek","teringat"
"tainggo","terhingga"
"tainjah","terinjak"
"tajangkau","terjagkau"
"tajangkik","terjangkit"
"tajarek","terjerat"
"tajarumuih","terjerumus"
"tajatuah","terjatuh"
"tajilapak","terkapar"
"tajongkek","terjungkat"
"tajua","terjual"
"tajuak","tajuk"
"tajulai","terjulai"
"tajulua","terjulur"
"tajun","terjun"
"tajungkia","terjungkir"
"taka","takar"
"takabia","takbir takbir"
"takabua","takabur terkabul"
"takadia","kadar takdir takdir"
"takaja","terkejar"
"takajuik","kaget terkejut terperanjat"
"takakak","terbahak"
"takalupeh","terkelupas"
"takam","terkam"
"takanang","terkenang"
"takantuak","terkantuk"
"takantuik","terkentut"
"takapik","terjepit"
"takapuang","terkepung"
"takaripuak","keseleo"
"takatuik","terkatup"
"takok","tebak teka terka"
"takuak","tekuk terkuak"
"takubak","terkubak"
"takuik","takut"
"takulabak","terkelopak"
"takulai","terkulai"
"takun","tekun"
"takunana","tergiur"
"takuruang","terkurung"
"talaah","telaah"
"taladan","teladan"
"talago","telaga"
"talakik","sempat"
"talalu","terlalu terlalu terlalu"
"talambek","terlambat"
"talampaui","terlampaui"
"talampir","terlampir"
"talanjua","terlanjur"
"talanta","telantar terlantar"
"talantiang","terlanting"
"talatak","terletak"
"taledor","teledor"
"taleh","talas"
"talepon","telepon"
"talibaik","terlibat"
"taliek","terlihat"
"talinduang","terlindung"
"talingo","kuping telinga"
"talinteh","terlintas"
"talipek","terlipat"
"taliti","saksama teliti"
"talok","mempan"
"talua","telur"
"taluak","teluk"
"talunggang","tertuang"
"talunto","terlunta"
"tamaik","tamat"
"tamakan","termakan"
"tamanuang","termenung"
"tamasuak","tergolong"
"tambahan","ekstra"
"tambika","tembikar"
"tambilang","tembilang"
"tambo","babad"
"tambuak","tembus"
"tampa","tampar"
"tampayan","tempayan"
"tampek","tempat"
"tampek lalok","ranjang"
"tampeleang","tempeleng"
"tampieh","temias"
"tampua","tempur"
"tampuah","tempuh"
"tampuak","tampuk"
"tampuang","tampung"
"tampuo","tempua"
"tampuruang","tempurung"
"tamu","temu"
"tanago","tenaga"
"tanah","lahan"
"tanah aia","nusa"
"tanamo","ternama"
"tanang","tenang"
"tandeh","amblas tandas"
"tandiang","lomba tanding"
"tando","ciri tanda"
"tando mato","bingkisan"
"tandotangan","tandatangan"
"tanduak","cula tanduk"
"tanduih","tandus"
"tangah","tengah"
"tangga","copot"
"tanggalam","tenggelam"
"tanggo","jenjang"
"tangguah","tangguh"
"tangguak","tangguk"
"tangguang","tanggung"
"tangih","tangis"
"tangiri","tengiri"
"tangka","binal tangkal tegar tengkar"
"tangkai","gagang kuntum"
"tangkeh","campin"
"tangkelek","bakiak"
"tangkih","tangkis tepis"
"tangkok","jaring tangkap"
"tangkuik","tangkup"
"tangkulak","tengkulak"
"tangkurak","tengkorak"
"taniaik","terniat"
"tanilai","ternilai"
"tanjuang","tanjung"
"tantang","tentang"
"tantara","laskar"
"tantaram","tenteram"
"tantu","tentu"
"tanuang","nujum ramal tenung"
"tanun","tenun"
"tanyato","ternyata"
"tanyo","tanya"
"taoyong-oyong","terhuyung"
"tapaguik","terpagut terpeluk"
"tapakiak","terpekik"
"tapakua","tafakur tafakur"
"tapalantiang","terpelanting"
"tapalesek","terpeleset"
"tapancang","terpancang"
"tapancia","terpencil"
"tapanciang","terpancing"
"tapancuang","terpancung"
"tapandam","terpendam"
"tapanggang","terpanggang"
"tapauik","terpaut"
"tapek","efektif jitu persis tepat"
"tapi","tepi"
"tapi langik","cakrawala"
"tapiciang","terpicing"
"tapikek","terpikat"
"tapikia","terpikir"
"tapikua","terpikul"
"tapila","pinggir"
"tapiliah","terpilih"
"tapitih","komersil"
"tapuak","tepuk"
"tapuak tangan","aplaus"
"tapuang","bubuk tepung"
"tapuang parancih","tapioka"
"tapuang ubek","puyer"
"tapuangparancih","gaplek"
"tapurangah","terbengong"
"taputuih","terputus"
"taradisi","tradisi tradisis"
"taragedi","tragedi"
"taraguik","tereguk"
"tarajang","terjang"
"tarali","terali"
"taranak","ternak"
"tarang","cerah terang"
"tarangsang","terangsang"
"taransisi","transisi"
"taransistor","transistor"
"taranti","terhenti"
"tarapa","terpal"
"taratak","teratak"
"taratik","etiket tertib"
"tarawang","terawang"
"tarawiah","teraweh"
"tareh","teras"
"tariak","tarik teriak"
"tariang","taring"
"tarikaik","tarekat"
"tarimo","terima"
"taroboih","terobos terobos"
"tarompa","kasut terompah"
"taropoang","teropong"
"tarowongan","terowongan"
"taruang","tarung terung"
"taruih","taruh terus"
"tasabiah","tasbih"
"tasabuik","populer tersebut"
"tasadak","tersedak"
"tasalek","terselip"
"tasama","tersamar"
"tasambua","terpercik tersembul"
"tasangkuik","tersangkut"
"tasasak","terdesak tersesak"
"tasasek","tersasar"
"taserak","terserak"
"tasimbah","tersimbah"
"tasingkia","tersingir"
"tasingkok","terungkap"
"tasipu","tersipu"
"tasirek","tersirat"
"tasumbek","mampat tersumbat"
"tasungkua","tersungkur"
"tasusun","terbentuk tersusun"
"tatagun","tertegun"
"tatangkok","tertangkap"
"tatap","tetap"
"tatariak","tertarik"
"tataruang","tersandung"
"tatauik","tertaut"
"tateh","tetas"
"tatilantang","tertelantang"
"tatimbun","tertimbun"
"tatingga","tertinggal"
"tatipu","tertipu"
"tatuduah","tertuduh"
"tatulih","tersurat tertulis"
"tatumbuak","terbentur tertumbuk"
"tatungkuik","tertangkup tertungkup"
"tatutuduah","tersangka"
"tauik","taut"
"taungkik","terungkit"
"taunjam","terhujam"
"tawa","tawar"
"teba","tebar"
"tekaik","tekad"
"tele","sinting"
"tema","tema"
"tembak","tembak"
"tembok","bata tembok"
"tempang","timpang"
"tempe","tempel"
"tenda","tenda"
"tenggang","tenggang"
"tenok","lirik"
"tibo","tiba"
"tidua","tidur"
"tidua-tidua","berbaring-baring"
"tigo","tiga"
"tilakuang","mukena telekung"
"tilantang","telentang terlentang"
"tiliak","tilik"
"tilunjuak","telunjuk telunjuk"
"timba","timbal"
"timbago","tembaga tembaga"
"timbakau","tembakau"
"timbala","kobokan"
"timbo","timba"
"timbua","timbul"
"timbuluak","tembolok tembolok"
"timpa","timpal"
"timpo","timpa"
"tindawan","cendawan jamur"
"tindeh","tindas"
"tindiah","tindih"
"tingadah","dongak tengadah"
"tingga","tinggal"
"tingkek","taraf tingkat"
"tingkok","tingkap"
"tiok","tiap"
"tipih","tipis"
"tipudayo","muslihat"
"tirih","bocor tiris"
"titiak","titik"
"titih","titi"
"tobaik","tobat"
"todoang","todong"
"tokok","ketok"
"toloang","tolong"
"tomaik","tomat"
"tompang","tumpang"
"tu","itu"
"tubo","tuba"
"tubuah","tubuh"
"tubuahkasa","jasad"
"tuduah","tuduh"
"tuduang","tudung"
"tueh","tuas"
"tugeh","tugas"
"tujuah","tujuh"
"tuka","tukar"
"tukak","borok"
"tukiak","tukik"
"tulak","tolak tolak"
"tulih","tulis"
"tuluih","tulus"
"tumangguang","temenggung"
"tumbok","tambal"
"tumbuah","tumbuh"
"tumbuak","bentur tumbuk"
"tumik","tumit"
"tumpua","tumpul"
"tumpuak","tumpuk"
"tundo","tunda"
"tunduak","tunduk"
"tuneh","tunas"
"tunggua","tunggul"
"tungkahan","balok"
"tungkek","tongkat"
"tungkuik","tungkup"
"tunjuak","tuding tunjuk"
"tuntuik","tuntut"
"tuo","renta tua"
"tupang","topang"
"turiah","toreh"
"turuik","turut"
"turun tamurun","bebuyutan"
"tusuak","..."
"tutua","tutur"
"tutuik","tutup"
"ubek","obat"
"ubekjariah","imbalan"
"ubi parancih","singkong"
"ubilih","iblis"
"uda","abang kakak kanda"
"udaro","hawa iklim udara"
"udi","sial"
"ujan","hujan"
"ujuang","ujung"
"ujuik","wujud"
"ukia","ukir"
"ukua","ukur"
"ukuran","format"
"ula","ular"
"ula mayang","biannglala"
"ulam","lalap"
"uleh","ulas"
"ulek","ulat"
"ulu","hulu"
"ulua","ulur"
"umaik","umat"
"umanaik","amanat fatwa"
"umang","bekicot keong siput"
"umbang","ombang"
"umbua","umbul"
"umbuak","umbuk"
"umbuik","umbut"
"umpamo","andai umpama"
"umpang","ompong"
"umua","umur usia"
"undua","undur"
"unggeh","unggas"
"unggua","unggul"
"ungguak","onggok"
"ungguan","jaminan"
"ungkik","dongkel ungkit"
"ungku","kakek kiai"
"ungku kali","kadi"
"unjam","hujam"
"unjuak","unjuk"
"unsua","unsur"
"unto","unta"
"untuak","untuk"
"untuang","mendingan untung"
"unuih","hunus"
"unyi","huni"
"uok","uap"
"upayo","upaya"
"upek","umpat"
"urah","gerayang"
"urak","orak"
"urang","orang"
"urang bagak","adikara algojo"
"urang gubalo","penggembala"
"urangkawa","narapidana"
"urek","urat"
"uruih","kelola urus"
"uruik","urut"
"usaho","ikhtiar usaha"
"usai","bubar"
"usia","usir"
"usua","usul"
"usuang","usung"
"usuik","usut"
"utak","otak"
"utamo","utama"
"utan","hutan"
"utaro","utara"
"uteh","utas"
"utuah","utuh"
"utuih","utus"
"uzua","uzur"
"visual","visual"
"waang","engkau kamu"
"waja","wajar"
"wakatu","momen saat tatkala waktu"
"wanito","wanita"
"wapaik","wafat"
"warih","waris"
"warno","warna"
"wasiaik","wasiat"
"wirik","wirid"
"yo","ya"
